congress,chamber,rollnumber,date,session,clerk_rollnumber,yea_count,nay_count,nominate_mid_1,nominate_mid_2,nominate_spread_1,nominate_spread_2,nominate_log_likelihood,bill_number,vote_result,vote_desc,vote_question,dtl_desc
116,House,1,03/01/2019,1,2,220,210,-0.107,0.471,0.706,-0.198,-28.71,,Pelosi,,Election of the Speaker,
116,House,2,03/01/2019,1,3,230,197,0.068,0.046,0.714,-0.082,-0.36,HRES5,Passed,"Providing for consideration of H.Res. 6, adopting the Rules of the House of Representatives for the 116th Congress; providing for consideration of H.R. 21, making appropriations for the FY ending September 30, 2019, and for other purposes",On Motion to Table the Motion to Refer,
116,House,3,03/01/2019,1,4,233,197,0.068,0.046,0.714,-0.082,-0.36,HRES5,Passed,"Providing for consideration of H.Res. 6, adopting the Rules of the House of Representatives for the 116th Congress; H.R. 21, making appropriations for the FY ending September 30, 2019; H.J.Res. 1, making further continuing appropriations for the Department of Homeland Security for FY 2019, and for other purposes",On Ordering the Previous Question,
116,House,4,03/01/2019,1,5,197,232,0.067,0.038,-0.714,0.074,-0.355,HRES5,Failed,"Providing for consideration of H.Res. 6, adopting the Rules of the House of Representatives for the 116th Congress; H.R. 21, making appropriations for the FY ending September 30, 2019; H.J.Res. 1, making further continuing appropriations for the Department of Homeland Security for FY 2019, and for other purposes",On Motion to Commit with Instructions,
116,House,5,03/01/2019,1,6,234,194,0.068,0.046,0.714,-0.082,-0.36,HRES5,Passed,"Providing for consideration of H.Res. 6, adopting the Rules of the House of Representatives for the 116th Congress; H.R. 21, making appropriations for the FY ending September 30, 2019; H.J.Res. 1, making further continuing appropriations for the Department of Homeland Security for FY 2019, and for other purposes",On Agreeing to the Resolution,
116,House,6,03/01/2019,1,7,234,197,0.191,0.982,0.341,-0.195,-22.412,HRES6,Passed,"Adopting the Rules of the House of Representatives for the One Hundred Sixteenth Congress, and for other purposes",On Agreeing to Title I of the Resolution,
116,House,7,03/01/2019,1,8,197,233,0.068,0.046,-0.714,0.082,-0.36,HJRES1,Failed,"Making further continuing appropriations for the Department of Homeland Security for fiscal year 2019, and for other purposes",On Motion to Recommit with Instructions,
116,House,8,03/01/2019,1,9,239,192,0.219,-0.062,0.677,0.502,-7.335,HJRES1,Passed,"Making further continuing appropriations for the Department of Homeland Security for fiscal year 2019, and for other purposes",On Passage,
116,House,9,03/01/2019,1,10,199,232,0.14,-0.979,-0.665,-0.408,-8.66,HR21,Failed,"Making appropriations for the fiscal year ending September 30, 2019, and for other purposes",On Motion to Recommit with Instructions,
116,House,10,03/01/2019,1,11,241,190,0.209,0.1,0.682,0.87,-13.247,HR21,Passed,"Making appropriations for the fiscal year ending September 30, 2019, and for other purposes",On Passage,
116,House,11,04/01/2019,1,12,418,12,0.751,-0.661,0.38,-0.065,-34.828,HRES6,Passed,"Adopting the Rules of the House of Representatives for the One Hundred Sixteenth Congress, and for other purposes",On Agreeing to Title II of the Resolution,
116,House,12,08/01/2019,1,13,401,17,0.881,0.473,1.287,-1.084,-39.043,HR269,Passed,Pandemic and All-Hazards Preparedness and Advancing Innovation Act,On Motion to Suspend the Rules and Pass,
116,House,13,08/01/2019,1,14,414,3,0,0,0,0,0,HR251,Passed,Chemical Facility Anti-Terrorism Standards Program Extension Act,On Motion to Suspend the Rules and Pass,
116,House,14,08/01/2019,1,15,235,161,-0.389,0.921,0.111,0.324,-175.19,,Passed,,On Approving the Journal,
116,House,15,09/01/2019,1,16,231,195,0.068,0.044,0.714,-0.084,-0.359,HRES28,Passed,"Providing for consideration of H.R. 264, H.R. 265, H.R. 266, and H.R. 267; waiving a requirement of clause 6(a) of rule XIII with respect to consideration of certain resolutions reported from the Committee on Rules",On Ordering the Previous Question,
116,House,16,09/01/2019,1,17,231,195,0.068,0.044,0.714,-0.084,-0.359,HRES28,Passed,"Providing for consideration of H.R. 264, H.R. 265, H.R. 266, and H.R. 267; waiving a requirement of clause 6(a) of rule XIII with respect to consideration of certain resolutions reported from the Committee on Rules",On Agreeing to the Resolution,
116,House,17,09/01/2019,1,18,414,11,0.449,-0.893,0.608,-2.397,-27.673,HR226,Passed,Clarity on Small Business Participation in Category Management Act,On Motion to Suspend the Rules and Pass,
116,House,18,09/01/2019,1,19,235,192,0.134,0.381,0.718,0.453,-6.894,HRES6,Passed,"Adopting the Rules of the House of Representatives for the One Hundred Sixteenth Congress, and for other purposes",On Agreeing to Title III of the Resolution,
116,House,19,09/01/2019,1,20,200,227,-0.098,0.995,-0.327,-0.145,-30.622,HR264,Failed,"Making appropriations for financial services and general government for the fiscal year ending September 30, 2019, and for other purposes",On Motion to Recommit with Instructions,
116,House,20,09/01/2019,1,21,240,188,0.221,0.079,0.827,1.016,-16.597,HR264,Passed,"Making appropriations for financial services and general government for the fiscal year ending September 30, 2019, and for other purposes",On Passage,
116,House,21,10/01/2019,1,22,193,228,-0.138,0.704,-0.597,-0.937,-15.145,HR267,Failed,"Making appropriations for the Department of Transportation, and Housing and Urban Development, and related agencies for the fiscal year ending September 30, 2019, and for other purposes",On Motion to Recommit with Instructions,
116,House,22,10/01/2019,1,23,244,180,0.297,-0.08,0.642,0.763,-16.98,HR267,Passed,"Making appropriations for the Department of Transportation, and Housing and Urban Development, and related agencies for the fiscal year ending September 30, 2019, and for other purposes",On Passage,
116,House,23,10/01/2019,1,24,197,229,-0.199,0.98,-0.625,-0.729,-15.956,HR265,Failed,"Making appropriations for Agriculture, Rural Development, Food and Drug Administration, and Related Agencies programs for the fiscal year ending September 30, 2019, and for other purposes",On Motion to Recommit with Instructions,
116,House,24,10/01/2019,1,25,243,183,0.281,-0.07,0.632,0.82,-15.481,HR265,Passed,"Making appropriations for Agriculture, Rural Development, Food and Drug Administration, and Related Agencies programs for the fiscal year ending September 30, 2019, and for other purposes",On Passage,
116,House,25,11/01/2019,1,26,190,229,-0.022,0.361,-0.562,-1.074,-18.875,HR266,Failed,"Making appropriations for the Department of the Interior, environment, and related agencies for the fiscal year ending September 30, 2019, and for other purposes",On Motion to Recommit with Instructions,
116,House,26,11/01/2019,1,27,240,179,0.281,-0.066,0.631,0.825,-15.455,HR266,Passed,"Making appropriations for the Department of the Interior, environment, and related agencies for the fiscal year ending September 30, 2019, and for other purposes",On Passage,
116,House,27,11/01/2019,1,28,411,7,0,0,0,0,0,S24,Passed,Government Employee Fair Treatment Act,On Motion to Suspend the Rules and Pass,
116,House,28,11/01/2019,1,29,411,1,0,0,0,0,0,HR221,Passed,Special Envoy to Monitor and Combat Anti-Semitism Act,On Motion to Suspend the Rules and Pass,
116,House,29,14/01/2019,1,30,403,2,0,0,0,0,0,HR116,Passed,Investing in Main Street Act,On Motion to Suspend the Rules and Pass,
116,House,30,15/01/2019,1,31,237,187,0.2,0.126,0.64,0.759,-9.888,HJRES27,Failed,"Making further continuing appropriations for fiscal year 2019, and for other purposes",On Motion to Suspend the Rules and Pass,
116,House,31,15/01/2019,1,32,424,1,0,0,0,0,0,HRES41,Passed,Rejecting White nationalism and White supremacy,On Motion to Suspend the Rules and Agree,
116,House,32,15/01/2019,1,33,424,0,0,0,0,0,0,HR135,Passed,Federal Employee Antidiscrimination Act,On Motion to Suspend the Rules and Pass,
116,House,33,16/01/2019,1,34,230,194,0.068,0.046,0.714,-0.083,-0.359,HRES43,Passed,"Providing for consideration of the bill (H.R. 268) making supplemental appropriations for the fiscal year ending September 30, 2019, and for other purposes, and waiving a requirement of clause 6(a) of rule XIII with respect to consideration of certain resolutions reported from the Committee on Rules",On Ordering the Previous Question,
116,House,34,16/01/2019,1,35,230,193,0.068,0.046,0.714,-0.083,-0.359,HRES43,Passed,"Providing for consideration of the bill (H.R. 268) making supplemental appropriations for the fiscal year ending September 30, 2019, and for other purposes, and waiving a requirement of clause 6(a) of rule XIII with respect to consideration of certain resolutions reported from the Committee on Rules",On Agreeing to the Resolution,
116,House,35,16/01/2019,1,36,415,6,0,0,0,0,0,HR190,Passed,Expanding Contracting Opportunities for Small Businesses Act,On Motion to Suspend the Rules and Pass,
116,House,36,16/01/2019,1,37,226,197,0.402,-0.607,0.418,1.044,-28.179,HR268,Agreed to,,On Agreeing to the Amendment,
116,House,37,16/01/2019,1,38,193,231,0.068,0.046,-0.714,0.083,-0.359,HR268,Failed,"Making supplemental appropriations for the fiscal year ending September 30, 2019, and for other purposes",On Motion to Recommit with Instructions,
116,House,38,16/01/2019,1,39,237,187,0.196,0.14,0.639,0.764,-9.854,HR268,Passed,"Making supplemental appropriations for the fiscal year ending September 30, 2019, and for other purposes",On Passage,
116,House,39,17/01/2019,1,40,230,190,0.069,0.044,0.714,-0.085,-0.359,HRES52,Passed,"Providing for consideration of the joint resolution (H.J. Res. 28) making further continuing appropriations for fiscal year 2019, and for other purposes, and providing for consideration of motions to suspend the rules",On Agreeing to the Resolution,
116,House,40,17/01/2019,1,41,422,0,0,0,0,0,0,HR150,Passed,Grant Reporting Efficiency and Agreements Transparency Act or GREAT Act,On Motion to Suspend the Rules and Pass,
116,House,41,17/01/2019,1,42,362,53,0.041,-0.999,0.114,-0.449,-110.657,HJRES30,Passed,Disapproving the President’s proposal to take an action relating to the application of certain sanctions with respect to the Russian Federation,On Motion to Suspend the Rules and Pass,
116,House,42,17/01/2019,1,43,195,222,-0.067,0.956,-0.644,-0.013,-16.479,HJRES28,Failed,"Making further continuing appropriations for fiscal year 2019, and for other purposes",On Motion to Recommit with Instructions,
116,House,43,22/01/2019,1,44,357,22,0.205,-0.914,0.347,-1.489,-33.048,HR676,Passed,NATO Support Act,On Motion to Suspend the Rules and Pass,
116,House,44,22/01/2019,1,45,377,3,0,0,0,0,0,HR328,Passed,Hack Your State Department Act,On Motion to Suspend the Rules and Pass,
116,House,45,23/01/2019,1,46,229,184,0.157,0.988,0.425,0.039,-16.404,HJRES28,Passed,"Making further continuing appropriations for fiscal year 2019, and for other purposes",On Passage,
116,House,46,23/01/2019,1,47,223,190,0.128,-0.379,0.669,0.605,-5.21,HRES61,Passed,"Providing for consideration of the bill H.R. 648, and consideration of the joint resolution, H.J. Res. 31; providing for consideration of motions to suspend the rules; and waiving a requirement of clause 6(a) of rule XIII with respect to consideration of certain resolutions reported from the Committee on Rules",On Agreeing to the Resolution,
116,House,47,23/01/2019,1,48,200,215,-0.107,0.084,-0.709,-0.134,-17.229,HR648,Failed,"Consolidated Appropriations Act, 2019",On Motion to Recommit with Instructions,
116,House,48,23/01/2019,1,49,234,180,0.178,0.984,0.425,0.1,-23.663,HR648,Passed,"Consolidated Appropriations Act, 2019",On Passage,
116,House,49,24/01/2019,1,50,200,214,0.024,-1,-0.455,-0.268,-22.601,HJRES31,Failed,"Making further continuing appropriations for the Department of Homeland Security for fiscal year 2019, and for other purposes",On Motion to Recommit with Instructions,
116,House,50,24/01/2019,1,51,231,180,0.208,0.978,0.534,-0.117,-12.786,HJRES31,Passed,"Making further continuing appropriations for the Department of Homeland Security for fiscal year 2019, and for other purposes",On Passage,
116,House,51,28/01/2019,1,52,413,3,0,0,0,0,0,HR624,Passed,Promoting Transparent Standards for Corporate Insiders Act,On Motion to Suspend the Rules and Pass,
116,House,52,28/01/2019,1,53,412,3,0,0,0,0,0,HR502,Passed,Fight Illicit Networks and Detect Trafficing Act,On Motion to Suspend the Rules and Pass,
116,House,53,28/01/2019,1,54,234,170,-0.498,0.665,0.091,0.453,-201.723,,Passed,,On Approving the Journal,
116,House,54,29/01/2019,1,55,14,395,0.787,0.617,-1.348,-0.242,-36.078,,Failed,,On Motion to Adjourn,
116,House,55,29/01/2019,1,56,422,3,0,0,0,0,0,HR428,Passed,Homeland Security Assessment of Terrorists’ Use of Virtual Currencies Act,On Motion to Suspend the Rules and Pass,
116,House,56,29/01/2019,1,57,412,12,0.36,-0.695,0.196,-1.67,-17.928,HR449,Passed,Pathways to Improving Homeland Security at the Local Level Act,On Motion to Suspend the Rules and Pass,
116,House,57,29/01/2019,1,58,414,12,0.944,0.331,1.052,-2.139,-38.642,HR769,Passed,Counterterrorism Advisory Board Act,On Motion to Suspend the Rules and Pass,
116,House,58,29/01/2019,1,59,240,176,0.071,0.997,0.3,0.267,-47.622,HRES77,Passed,Expressing the sense of Congress that financial institutions and other companies should work proactively with their customers affected by the shutdown of the Federal Government who may be facing short-term financial hardship and long-term damage to their creditworthiness through no fault of their own,Table Motion to Reconsider,
116,House,59,30/01/2019,1,60,232,190,0.07,0.036,0.713,-0.097,-0.358,HRES87,Passed,"Providing for consideration of the bill (H.R. 790) to provide for a pay increase in 2019 for certain civilian employees of the Federal Government, and for other purposes, and providing for consideration of motions to suspend the rules",On Ordering the Previous Question,
116,House,60,30/01/2019,1,61,231,189,0.07,0.036,0.713,-0.097,-0.358,HRES87,Passed,"Providing for consideration of the bill (H.R. 790) to provide for a pay increase in 2019 for certain civilian employees of the Federal Government, and for other purposes, and providing for consideration of motions to suspend the rules",On Agreeing to the Resolution,
116,House,61,30/01/2019,1,62,240,182,0.199,0.618,0.372,0.041,-21.997,HR790,Agreed to,,On Agreeing to the Amendment,
116,House,62,30/01/2019,1,63,206,216,0.218,-0.306,-0.431,-1.346,-36.446,HR790,Failed,Federal Civilian Workforce Pay Raise Fairness Act,On Motion to Recommit with Instructions,
116,House,63,30/01/2019,1,64,259,161,0.261,0.501,0.638,0.77,-43.448,HR790,Passed,Federal Civilian Workforce Pay Raise Fairness Act,On Passage,
116,House,64,30/01/2019,1,65,249,163,0.25,0.279,0.304,0.353,-44.246,HRES79,Failed,Expressing the sense of the House of Representatives that Government shutdowns are detrimental to the Nation and should not occur,"On Motion to Suspend the Rules and Agree, as Amended",
116,House,65,06/02/2019,1,66,404,19,0.305,-0.919,0.259,-0.965,-30.522,HR831,Passed,Reviving America’s Scenic Byways Act,On Motion to Suspend the Rules and Pass,
116,House,66,06/02/2019,1,67,399,22,0.462,-0.887,0.904,-2.246,-42.401,HR66,Passed,Route 66 Centennial Commission Act,On Motion to Suspend the Rules and Pass,
116,House,67,07/02/2019,1,68,227,189,0.076,0.083,0.715,-0.035,-0.294,HRES105,Passed,"Providing for consideration of H.R. 840, the Veterans’ Access to Child Care Act; providing for adoption of H.Res. 86, providing amounts for the expenses of the Select Committee on the Climate Crisis and the Select Committee on the Modernization of Congress; providing for consideration of motions to suspend the rules",On Ordering the Previous Question,
116,House,68,07/02/2019,1,69,225,193,0.068,0.047,0.714,-0.084,-0.359,HRES105,Passed,"Providing for consideration of H.R. 840, the Veterans’ Access to Child Care Act; providing for adoption of H.Res. 86, providing amounts for the expenses of the Select Committee on the Climate Crisis and the Select Committee on the Modernization of Congress; providing for consideration of motions to suspend the rules",On Agreeing to the Resolution,
116,House,69,07/02/2019,1,70,417,0,0,0,0,0,0,HR450,Passed,Preventing Crimes Against Veterans Act of 2019,"On Motion to Suspend the Rules and Pass, as Amended",
116,House,70,07/02/2019,1,71,414,1,0,0,0,0,0,HR507,Passed,Put Trafficking Victims First Act of 2019,On Motion to Suspend the Rules and Pass,
116,House,71,08/02/2019,1,72,172,242,0.137,0.774,-0.271,-0.229,-47.046,HR840,Failed,,On Agreeing to the Amendment,
116,House,72,08/02/2019,1,73,397,19,0.884,-0.308,0.279,-1.332,-45.759,HR840,Agreed to,,On Agreeing to the Amendment,
116,House,73,08/02/2019,1,74,200,214,-0.145,0.418,-0.528,-1.168,-27.715,HR840,Failed,Veterans’ Access to Child Care Act,On Motion to Recommit with Instructions,
116,House,74,08/02/2019,1,75,400,9,0,0,0,0,0,HR840,Passed,Veterans’ Access to Child Care Act,On Passage,
116,House,75,11/02/2019,1,76,377,3,0,0,0,0,0,HR1065,Passed,Social Media Use in Clearance Investigations Act,On Motion to Suspend the Rules and Pass,
116,House,76,11/02/2019,1,77,379,0,0,0,0,0,0,HR1079,Passed,Creating Advanced Streamlined Electronic Services for Constituents Act,"On Motion to Suspend the Rules and Pass, as Amended",
116,House,77,13/02/2019,1,78,227,195,0.068,0.038,0.714,-0.088,-0.354,HRES122,Passed,"Providing for consideration of H.J. Res.37, directing the removal of United States Armed Forces from hostilities in the Republic of Yemen that have not been authorized by Congress; waiving a requirement of clause 6(a) of rule XIII with respect to consideration of certain resolutions reported from the Committee on Rules",On Ordering the Previous Question,
116,House,78,13/02/2019,1,79,228,193,0.068,0.038,0.714,-0.088,-0.354,HRES122,Passed,"Providing for consideration of H.J. Res.37, directing the removal of United States Armed Forces from hostilities in the Republic of Yemen that have not been authorized by Congress; waiving a requirement of clause 6(a) of rule XIII with respect to consideration of certain resolutions reported from the Committee on Rules",On Agreeing to the Resolution,
116,House,79,13/02/2019,1,80,215,199,-0.43,0.903,0.128,0.288,-188.271,,Passed,,On Approving the Journal,
116,House,80,13/02/2019,1,81,251,173,0.245,-0.442,-0.332,-1.563,-86.589,HJRES37,Agreed to,,On Agreeing to the Amendment,
116,House,81,13/02/2019,1,82,424,0,0,0,0,0,0,HJRES37,Passed,Directing the removal of United States Armed Forces from hostilities in the Republic of Yemen that have not been authorized by Congress,On Motion to Recommit with Instructions,
116,House,82,13/02/2019,1,83,248,177,-0.238,0.971,0.47,1.181,-50.945,HJRES37,Passed,Directing the removal of United States Armed Forces from hostilities in the Republic of Yemen that have not been authorized by Congress,On Passage,
116,House,83,13/02/2019,1,84,418,0,0,0,0,0,0,HR995,Passed,Settlement Agreement Information Database Act,"On Motion to Suspend the Rules and Pass, as Amended",
116,House,84,14/02/2019,1,85,229,195,0.066,0.049,0.713,-0.107,-0.338,HRES131,Passed,"Providing for consideration of the conference report to accompany H.J. Res. 31, making further continuing appropriations for the Department of Homeland Security for fiscal year 2019, and for other purposes; providing for proceedings during the period from February 15, 2019 through February 22, 2019",On Ordering the Previous Question,
116,House,85,14/02/2019,1,86,230,196,0.066,0.05,0.713,-0.107,-0.339,HRES131,Passed,"Providing for consideration of the conference report to accompany H.J. Res. 31, making further continuing appropriations for the Department of Homeland Security for fiscal year 2019, and for other purposes; providing for proceedings during the period from February 15, 2019 through February 22, 2019",On Agreeing to the Resolution,
116,House,86,14/02/2019,1,87,300,128,0.626,0.78,0.212,-0.282,-150.283,HJRES31,Passed,"Making further continuing appropriations for the Department of Homeland Security for fiscal year 2019, and for other purposes",On Agreeing to the Conference Report,
116,House,87,25/02/2019,1,88,385,18,0.138,-0.928,0.233,-1.3,-30.625,HR539,Passed,Innovators to Entrepreneurs Act,On Motion to Suspend the Rules and Pass,
116,House,88,25/02/2019,1,89,387,19,-0.133,-0.991,0.137,-1.202,-41.992,HR276,Passed,Recognizing Achievement in Classified School Employees Act,On Motion to Suspend the Rules and Pass,
116,House,89,26/02/2019,1,90,229,191,0.068,0.06,0.714,-0.092,-0.321,HRES145,Passed,"Providing for consideration of the bill (H.R. 8) Bipartisan Background Checks Act, and providing for consideration of the bill (H.R. 1112) Enhanced Background Checks Act",On Ordering the Previous Question,
116,House,90,26/02/2019,1,91,227,194,0.01,0.099,0.684,0.515,-5.73,HRES145,Passed,"Providing for consideration of the bill (H.R. 8) Bipartisan Background Checks Act, and providing for consideration of the bill (H.R. 1112) Enhanced Background Checks Act",On Agreeing to the Resolution,
116,House,91,26/02/2019,1,92,228,193,0.068,0.058,0.714,-0.094,-0.319,HRES144,Passed,"Providing for consideration of the joint resolution (H.J. Res. 46) relating to a national emergency declared by the President on February 15, 2019",On Ordering the Previous Question,
116,House,92,26/02/2019,1,93,229,193,0.068,0.06,0.714,-0.092,-0.321,HRES144,Passed,"Providing for consideration of the joint resolution (H.J. Res. 46) relating to a national emergency declared by the President on February 15, 2019",On Agreeing to the Resolution,
116,House,93,26/02/2019,1,94,245,182,-0.092,0.946,0.602,1.167,-32.957,HJRES46,Passed,"Relating to a national emergency declared by the President on February 15, 2019",On Passage,
116,House,94,26/02/2019,1,95,363,62,0.535,-0.845,0.281,-0.135,-91.606,S47,Passed,Natural Resources Management Act,On Motion to Suspend the Rules and Pass,
116,House,95,27/02/2019,1,96,181,247,-0.16,0.885,-0.493,-1.18,-40.834,HR8,Failed,,On Agreeing to the Amendment,
116,House,96,27/02/2019,1,97,306,119,0.306,0.495,0.188,0.393,-120.094,HR8,Agreed to,,On Agreeing to the Amendment,
116,House,97,27/02/2019,1,98,220,209,-0.323,0.76,-0.596,-0.897,-29.235,HR8,Passed,Bipartisan Background Checks Act,On Motion to Recommit with Instructions,
116,House,98,27/02/2019,1,99,240,190,0.287,-0.166,0.552,1.151,-19.074,HR8,Passed,Bipartisan Background Checks Act,On Passage,
116,House,99,28/02/2019,1,100,280,144,0.032,0.999,0.268,0.537,-87.813,HR1112,Agreed to,,On Agreeing to the Amendment,
116,House,100,28/02/2019,1,101,232,193,0.014,0.41,0.572,1.032,-8.103,HR1112,Agreed to,,On Agreeing to the Amendment,
116,House,101,28/02/2019,1,102,194,232,-0.193,0.981,-0.589,-0.933,-14.762,HR1112,Failed,Enhanced Background Checks Act,On Motion to Recommit with Instructions,
116,House,102,28/02/2019,1,103,228,198,0.059,0.044,0.304,0.524,-23.983,HR1112,Passed,Enhanced Background Checks Act,On Passage,
116,House,103,05/03/2019,1,104,416,0,0,0,0,0,0,HR1381,Passed,Burn Pit Registry Enhancement Act,On Motion to Suspend the Rules and Pass,
116,House,104,05/03/2019,1,105,417,0,0,0,0,0,0,S49,Passed,"To designate the outstation of the Department of Veterans Affairs in North Ogden, Utah, as the Major Brent Taylor Vet Center Outstation",On Motion to Suspend the Rules and Pass,
116,House,105,06/03/2019,1,106,232,191,0.064,0.05,0.714,-0.101,-0.335,HRES172,Passed,"Providing for consideration of H.R. 1, the For the People Act of 2019; and providing for consideration of motions to suspend the rules",On Ordering the Previous Question,
116,House,106,06/03/2019,1,107,232,192,0.064,0.05,0.714,-0.101,-0.335,HRES172,Passed,"Providing for consideration of H.R. 1, the For the People Act of 2019; and providing for consideration of motions to suspend the rules",On Agreeing to the Resolution,
116,House,107,07/03/2019,1,108,407,23,0.993,0.119,1.654,-1.562,-67.342,HRES183,Passed,Condemning anti-Semitism as hateful expressions of intolerance that are contradictory to the values and aspirations that define the people of the United States and condemning anti-Muslim discrimination and bigotry against minorities as hateful expressions of intolerance that are contrary to the values and aspirations,"On Motion to Suspend the Rules and Agree, as Amended",
116,House,108,07/03/2019,1,109,216,213,-0.127,0.141,1.092,0.544,-38.934,HR1,Agreed to,,On Agreeing to the Amendment,
116,House,109,07/03/2019,1,110,197,232,0.122,0.993,-0.479,0.251,-8.039,HR1,Failed,,On Agreeing to the Amendment,
116,House,110,07/03/2019,1,111,123,303,0.067,-0.998,0.141,0.343,-149.526,HR1,Failed,,On Agreeing to the Amendment,
116,House,111,07/03/2019,1,112,198,230,0.123,-0.992,-0.52,-0.286,-12.667,HR1,Failed,,On Agreeing to the Amendment,
116,House,112,07/03/2019,1,113,192,235,-0.074,0.997,-0.621,-0.799,-12.921,HR1,Failed,,On Agreeing to the Amendment,
116,House,113,07/03/2019,1,114,193,234,0.084,0.265,-0.69,-0.467,-2.25,HR1,Failed,,On Agreeing to the Amendment,
116,House,114,08/03/2019,1,115,235,187,0.16,0.089,0.688,0.483,-5.083,HR1,Agreed to,,On Agreeing to the Amendment,
116,House,115,08/03/2019,1,116,236,186,0.007,1,0.32,0.274,-28.471,HR1,Agreed to,,On Agreeing to the Amendment,
116,House,116,08/03/2019,1,117,197,228,-0.225,0.974,-0.634,-0.824,-19.288,HR1,Failed,For the People Act,On Motion to Recommit with Instructions,
116,House,117,08/03/2019,1,118,234,193,0.06,0.041,0.714,-0.091,-0.321,HR1,Passed,For the People Act,On Passage,
116,House,118,11/03/2019,1,119,387,22,0.354,-0.804,0.207,-0.786,-36.225,HR1122,Passed,Housing Choice Voucher Mobility Demonstration Act,On Motion to Suspend the Rules and Pass,
116,House,119,11/03/2019,1,120,404,7,0,0,0,0,0,HR758,Passed,Cooperate with Law Enforcement Agencies and Watch Act,"On Motion to Suspend the Rules and Pass, as Amended",
116,House,120,12/03/2019,1,121,416,1,0,0,0,0,0,HRES156,Passed,Calling for accountability and justice for the assassination of Boris Nemtsov,"On Motion to Suspend the Rules and Agree, as Amended",
116,House,121,12/03/2019,1,122,427,1,0,0,0,0,0,HR596,Passed,Crimea Annexation Non-recognition Act,"On Motion to Suspend the Rules and Pass, as Amended",
116,House,122,12/03/2019,1,123,426,1,0,0,0,0,0,HR1654,Passed,Federal Register Modernization Act,"On Motion to Suspend the Rules and Pass, as Amended",
116,House,123,13/03/2019,1,124,233,195,0.06,0.043,0.714,-0.089,-0.323,HRES208,Passed,"Providing for consideration of H. Con. Res. 24, expressing the sense of Congress that the report of Special Counsel Mueller should be made available to the public and to Congress; providing for proceedings during the period from March 15, 2019, through March 22, 2019",On Agreeing to the Resolution,
116,House,124,14/03/2019,1,125,420,0,0,0,0,0,0,HCONRES24,Passed,Expressing the sense of Congress that the report of Special Counsel Mueller should be made available to the public and to Congress,On Agreeing to the Resolution,
116,House,125,25/03/2019,1,126,391,24,0.25,-0.958,0.37,-1.298,-33.38,HR1616,Passed,European Energy Security and Diversification Act,"On Motion to Suspend the Rules and Pass, as Amended",
116,House,126,26/03/2019,1,127,248,181,-0.033,0.722,0.553,1.213,-33.243,HJRES46,Failed,"Relating to a national emergency declared by the President on February 15, 2019","On Passage, Objections of the President to the Contrary Notwithstanding",
116,House,127,26/03/2019,1,128,404,21,-0.051,-0.999,0.071,-0.669,-61.119,HR1388,Passed,Lytton Rancheria Homelands Act,On Motion to Suspend the Rules and Pass,
116,House,128,26/03/2019,1,129,403,21,0.633,-0.774,0.243,-0.294,-50.196,HR297,Passed,Little Shell Tribe of Chippewa Indians Restoration Act,On Motion to Suspend the Rules and Pass,
116,House,129,27/03/2019,1,130,231,192,0.059,0.041,0.714,-0.086,-0.317,HRES252,Passed,"Providing for consideration of H.R. 7, the Paycheck Fairness Act; H. Res. 124, expressing opposition to banning service in the Amred Forces by openly transgender individuals",On Ordering the Previous Question,
116,House,130,27/03/2019,1,131,232,190,0.06,0.036,0.714,-0.09,-0.316,HRES252,Passed,"Providing for consideration of H.R. 7, the Paycheck Fairness Act; H. Res. 124, expressing opposition to banning service in the Amred Forces by openly transgender individuals",On Agreeing to the Resolution,
116,House,131,27/03/2019,1,132,403,24,0.619,0.786,0.248,0.245,-64.042,HR7,Agreed to,,On Agreeing to the Amendment,
116,House,132,27/03/2019,1,133,191,236,-0.123,0.992,-0.584,-0.755,-9.872,HR7,Failed,Paycheck Fairness Act,On Motion to Recommit with Instructions,
116,House,133,27/03/2019,1,134,242,187,0.241,-0.247,0.808,0.298,-14.738,HR7,Passed,Paycheck Fairness Act,On Passage,
116,House,134,28/03/2019,1,135,238,185,0.038,0.999,0.498,0.414,-13.552,HRES124,Passed,Expressing opposition to banning service in the Armed Forces by openly transgender individuals,On Agreeing to the Resolution,
116,House,135,28/03/2019,1,136,216,179,-0.56,0.754,0.113,0.453,-187.752,,Passed,,On Approving the Journal,
116,House,136,01/04/2019,1,137,384,18,0.103,-0.995,0.157,-0.901,-37.725,HR1593,Passed,Coordinating and Leveraging Activities for School Security Act,"On Motion to Suspend the Rules and Pass, as Amended",
116,House,137,01/04/2019,1,138,394,7,0,0,0,0,0,HR1590,Passed,Terrorist and Foreign Fighter Travel Exercise Act,"On Motion to Suspend the Rules and Pass, as Amended",
116,House,138,01/04/2019,1,139,207,181,-0.584,0.587,0.094,0.53,-194.497,,Passed,,On Approving the Journal,
116,House,139,02/04/2019,1,140,231,191,-0.092,0.996,0.554,0.562,-7.049,HRES274,Passed,Consideration of (S.J.Res. 7) to direct the removal of the United States Armed Forces from hostilities in the Republic of Yemen that have not been authorized by Congress; consideration of (H.Res. 271) Condemning the Trump Administration’s Legal Campaign to Take Away Americans’ Health Care; and suspension authority.,On Ordering the Previous Question,
116,House,140,02/04/2019,1,141,230,188,0.056,0.068,0.713,-0.153,-0.301,HRES274,Passed,Consideration of (S.J.Res. 7) to direct the removal of the United States Armed Forces from hostilities in the Republic of Yemen that have not been authorized by Congress; consideration of (H.Res. 271) Condemning the Trump Administration’s Legal Campaign to Take Away Americans’ Health Care; and suspension authority.,On Agreeing to the Resolution,
116,House,141,02/04/2019,1,142,414,7,0,0,0,0,0,HR540,Passed,"To designate the facility of the United States Postal Service located at 770 Ayrault Road in Fairport, New York, as the “Louise and Bob Slaughter Post Office”",On Motion to Suspend the Rules and Pass,
116,House,142,02/04/2019,1,143,222,189,-0.252,0.404,0.083,0.358,-196.414,,Passed,,On Approving the Journal,
116,House,143,03/04/2019,1,144,231,193,0.056,0.068,0.713,-0.158,-0.299,HRES281,Passed,"Providing for consideration of the bill (H.R. 1585) to reauthorize the Violence Against Women Act of 1994, and for other purposes",On Ordering the Previous Question,
116,House,144,03/04/2019,1,145,231,194,0.056,0.068,0.713,-0.158,-0.299,HRES281,Passed,"Providing for consideration of the bill (H.R. 1585) to reauthorize the Violence Against Women Act of 1994, and for other purposes",On Agreeing to the Resolution,
116,House,145,03/04/2019,1,146,240,186,0.264,-0.103,0.569,1.064,-17.656,HRES271,Passed,Condemning the Trump Administration’s Legal Campaign to Take Away Americans’ Health Care,On Agreeing to the Resolution,
116,House,146,03/04/2019,1,147,358,67,0.517,-0.856,0.27,-0.131,-92.904,HR1585,Agreed to,,On Agreeing to the Amendment,
116,House,147,03/04/2019,1,148,389,36,0.409,-0.913,0.164,-0.372,-76.635,HR1585,Agreed to,,On Agreeing to the Amendment,
116,House,148,03/04/2019,1,149,254,172,0.298,0.032,0.303,0.202,-45.814,HR1585,Agreed to,,On Agreeing to the Amendment,
116,House,149,03/04/2019,1,150,424,0,0,0,0,0,0,HR1585,Agreed to,,On Agreeing to the Amendment,
116,House,150,04/04/2019,1,151,423,0,0,0,0,0,0,HR829,Passed,"To designate the facility of the United States Postal Service located at 1450 Montauk Highway in Mastic, New York, as the “Army Specialist Thomas J. Wilwerth Post Office Building”",On Motion to Suspend the Rules and Pass,
116,House,151,04/04/2019,1,152,194,228,-0.229,0.973,-0.613,-0.912,-17.165,SJRES7,Failed,To direct the removal of the United States Armed Forces from hostilities in the Republic of Yemen that have not been authorized by Congress,On Motion to Commit with Instructions,
116,House,152,04/04/2019,1,153,247,175,-0.243,0.97,0.49,1.203,-45.873,SJRES7,Passed,To direct the removal of the United States Armed Forces from hostilities in the Republic of Yemen that have not been authorized by Congress,On Passage,
116,House,153,04/04/2019,1,154,423,0,0,0,0,0,0,HR1585,Agreed to,,On Agreeing to the Amendment,
116,House,154,04/04/2019,1,155,185,237,0.006,-0.964,-0.298,0.159,-34.658,HR1585,Failed,Violence Against Women Reauthorization Act,On Motion to Recommit with Instructions,
116,House,155,04/04/2019,1,156,263,158,0.376,-0.817,0.297,0.104,-68.225,HR1585,Passed,Violence Against Women Reauthorization Act,On Passage,
116,House,156,08/04/2019,1,157,386,0,0,0,0,0,0,HCONRES19,Passed,Authorizing the use of the Capitol Grounds for the Greater Washington Soap Box Derby,On Motion to Suspend the Rules and Agree,
116,House,157,08/04/2019,1,158,329,56,0.54,-0.841,0.354,-0.139,-69.227,HR1331,Passed,Local Water Protection Act,On Motion to Suspend the Rules and Pass,
116,House,158,08/04/2019,1,159,194,182,-0.247,0.316,0.107,0.554,-147.695,,Passed,,On Approving the Journal,
116,House,159,09/04/2019,1,160,225,192,0.056,0.073,0.713,-0.161,-0.299,HRES294,Passed,"Providing for consideration of H.R. 1644, Save the Internet Act; and providing for consideration of H.R. 2021, Investing for the People Act",On Ordering the Previous Question,
116,House,160,09/04/2019,1,161,219,201,-0.103,0.39,0.701,0.349,-16.29,HRES294,Passed,"Providing for consideration of H.R. 1644, Save the Internet Act; and providing for consideration of H.R. 2021, Investing for the People Act",On Agreeing to the Resolution,
116,House,161,09/04/2019,1,162,393,24,0.646,-0.763,0.705,-0.32,-34.26,HR1759,Passed,Building on Reemployment Improvements to Deliver Good Employment for Workers Act,"On Motion to Suspend the Rules and Pass, as Amended",
116,House,162,10/04/2019,1,163,358,60,0.514,-0.858,0.265,-0.164,-88.839,HR1644,Agreed to,,On Agreeing to the Amendment,
116,House,163,10/04/2019,1,164,371,46,0.372,-0.928,0.21,-0.399,-74.51,HR1644,Agreed to,,On Agreeing to the Amendment,
116,House,164,10/04/2019,1,165,418,0,0,0,0,0,0,HR1644,Agreed to,,On Agreeing to the Amendment,
116,House,165,10/04/2019,1,166,204,216,-0.131,0.284,-0.637,-0.786,-22.455,HR1644,Failed,Save the Internet Act,On Motion to Recommit with Instructions,
116,House,166,10/04/2019,1,167,232,190,-0.07,0.998,0.598,0.578,-7.335,HR1644,Passed,Save the Internet Act,On Passage,
116,House,167,29/04/2019,1,168,396,18,0.713,-0.701,1.286,-0.767,-40.102,HR91,Passed,Columbia River In-Lieu and Treaty Fishing Access Sites Improvement Act,On Motion to Suspend the Rules and Pass,
116,House,168,29/04/2019,1,169,227,182,-0.389,0.47,0.082,0.473,-198.911,,Passed,,On Approving the Journal,
116,House,169,30/04/2019,1,170,392,20,0.31,-0.951,0.316,-1.053,-34.149,HR1876,Passed,National Senior Investor Initiative Act,On Motion to Suspend the Rules and Pass,
116,House,170,30/04/2019,1,171,411,6,0,0,0,0,0,HRES328,Passed,Supporting the protection of elders through financial literacy,On Motion to Suspend the Rules and Agree,
116,House,171,01/05/2019,1,172,228,191,0.055,0.071,0.713,-0.157,-0.298,HRES329,Passed,"Providing for consideration of the bill (H.R. 9) to direct the President to develop a plan for the United States to meet its nationally determined contribution under the Paris Agreement, and for other purposes",On Ordering the Previous Question,
116,House,172,01/05/2019,1,173,226,188,0.055,0.071,0.713,-0.157,-0.298,HRES329,Passed,"Providing for consideration of the bill (H.R. 9) to direct the President to develop a plan for the United States to meet its nationally determined contribution under the Paris Agreement, and for other purposes",On Agreeing to the Resolution,
116,House,173,01/05/2019,1,174,226,183,-0.078,0.997,0.633,0.608,-5.831,HRES304,Passed,Raising a question of the privileges of the House,On Motion to Table,
116,House,174,02/05/2019,1,175,234,183,0.025,0.635,0.628,0.972,-14.451,HR9,Agreed to,,On Agreeing to the Amendment,
116,House,175,02/05/2019,1,176,187,231,0.035,0.628,-0.632,-0.876,-11.43,HR9,Failed,,On Agreeing to the Amendment,
116,House,176,02/05/2019,1,177,187,231,-0.073,0.997,-0.595,-0.85,-19.159,HR9,Failed,,On Agreeing to the Amendment,
116,House,177,02/05/2019,1,178,258,162,0.19,0.532,0.422,0.759,-50.34,HR9,Agreed to,,On Agreeing to the Amendment,
116,House,178,02/05/2019,1,179,301,120,-0.113,0.994,0.323,1.097,-104.728,HR9,Agreed to,,On Agreeing to the Amendment,
116,House,179,02/05/2019,1,180,291,131,-0.006,0.838,0.438,1.358,-88.637,HR9,Agreed to,,On Agreeing to the Amendment,
116,House,180,02/05/2019,1,181,254,165,0.113,0.637,0.481,0.994,-49.663,HR9,Agreed to,,On Agreeing to the Amendment,
116,House,181,02/05/2019,1,182,255,165,0.142,0.558,0.523,1.09,-44.327,HR9,Agreed to,,On Agreeing to the Amendment,
116,House,182,02/05/2019,1,183,206,214,-0.217,0.564,-0.562,-1.091,-24.802,HR9,Failed,Climate Action Now Act,On Motion to Recommit with Instructions,
116,House,183,02/05/2019,1,184,231,190,0.049,0.592,0.666,0.722,-7.918,HR9,Passed,Climate Action Now Act,On Passage,
116,House,184,07/05/2019,1,185,414,0,0,0,0,0,0,HRES273,Passed,Reaffirming the United States commitment to Taiwan and to the implementation of the Taiwan Relations Act,On Motion to Suspend the Rules and Agree,
116,House,185,07/05/2019,1,186,400,16,0.336,-0.942,0.587,-2.242,-28.54,HR1704,Passed,Championing American Business Through Diplomacy Act,On Motion to Suspend the Rules and Pass,
116,House,186,08/05/2019,1,187,422,0,0,0,0,0,0,HR1503,Passed,Orange Book Transparency Act,"On Motion to Suspend the Rules and Pass, as Amended",
116,House,187,08/05/2019,1,188,421,0,0,0,0,0,0,HR1520,Passed,Purple Book Continuity Act,"On Motion to Suspend the Rules and Pass, as Amended",
116,House,188,09/05/2019,1,189,227,190,0.055,0.069,0.713,-0.161,-0.298,HRES357,Passed,"Providing for consideration of the bill (H.R. 986) Protecting Americans with Preexisting Conditions Act, and providing for consideration of the bill (H.R. 2157) making supplemental appropriations for fiscal year ending September 30, 2019, and for other purposes",On Ordering the Previous Question,
116,House,189,09/05/2019,1,190,227,191,0.055,0.069,0.713,-0.161,-0.298,HRES357,Passed,"Providing for consideration of the bill (H.R. 986) Protecting Americans with Preexisting Conditions Act, and providing for consideration of the bill (H.R. 2157) making supplemental appropriations for fiscal year ending September 30, 2019, and for other purposes",On Agreeing to the Resolution,
116,House,190,09/05/2019,1,191,346,70,0.562,-0.827,0.342,-0.025,-83.666,HR986,Agreed to,,On Agreeing to the Amendment,
116,House,191,09/05/2019,1,192,182,234,-0.147,0.989,-0.425,-0.733,-28.937,HR986,Failed,,On Agreeing to the Amendment,
116,House,192,09/05/2019,1,193,297,117,0.587,-0.809,0.431,0.36,-88.868,HR986,Agreed to,,On Agreeing to the Amendment,
116,House,193,09/05/2019,1,194,303,112,0.397,0.452,0.246,0.234,-99.701,HR986,Agreed to,,On Agreeing to the Amendment,
116,House,194,09/05/2019,1,195,182,231,-0.149,0.989,-0.583,-0.9,-15.487,HR986,Failed,Protecting Americans with Preexisting Conditions Act,On Motion to Recommit with Instructions,
116,House,195,09/05/2019,1,196,230,183,-0.005,0.664,0.607,0.874,-8.452,HR986,Passed,Protecting Americans with Preexisting Conditions Act,On Passage,
116,House,196,10/05/2019,1,197,243,165,0.11,0.843,0.306,0.342,-48.113,HR2157,Agreed to,,On Agreeing to the Amendment,
116,House,197,10/05/2019,1,198,264,143,0.34,-0.194,0.237,-0.019,-73.031,HR2157,Agreed to,,On Agreeing to the Amendment,
116,House,198,10/05/2019,1,199,239,167,0.26,-0.014,0.269,0.128,-42.755,HR2157,Agreed to,,On Agreeing to the Amendment,
116,House,199,10/05/2019,1,200,389,20,0.107,-0.994,0.088,-0.586,-59.577,HR2157,Agreed to,,On Agreeing to the Amendment,
116,House,200,10/05/2019,1,201,189,215,-0.37,0.929,-0.464,-1.024,-46.467,HR2157,Failed,"Making supplemental appropriations for the fiscal year ending September 30, 2019, and for other purposes",On Motion to Recommit with Instructions,
116,House,201,10/05/2019,1,202,257,150,0.268,0.509,0.215,0.121,-77.531,HR2157,Passed,"Making supplemental appropriations for the fiscal year ending September 30, 2019, and for other purposes",On Passage,
116,House,202,14/05/2019,1,203,410,0,0,0,0,0,0,HR299,Passed,Blue Water Navy Vietnam Veterans Act,"On Motion to Suspend the Rules and Pass, as Amended",
116,House,203,14/05/2019,1,204,400,9,0,0,0,0,0,HR2379,Passed,To reauthorize the Bulletproof Vest Partnership Grant Program.,"On Motion to Suspend the Rules and Pass, as Amended",
116,House,204,15/05/2019,1,205,228,189,0.054,0.065,0.712,-0.174,-0.293,HRES377,Passed,"Providing for consideration of the bill (H.R. 5) Equality Act, providing for consideration of the bill (H.R. 312) Mashpee Wampanoag Tribe Reservation Reaffirmation Act, and providing for consideration of (H.R. 987) Strengthening Health Care and Lowering Prescription Drug Costs Act",On Ordering the Previous Question,
116,House,205,15/05/2019,1,206,229,188,0.025,-0.179,0.328,0.033,-11.428,HRES377,Passed,"Providing for consideration of the bill (H.R. 5) Equality Act, providing for consideration of the bill (H.R. 312) Mashpee Wampanoag Tribe Reservation Reaffirmation Act, and providing for consideration of (H.R. 987) Strengthening Health Care and Lowering Prescription Drug Costs Act",On Agreeing to the Resolution,
116,House,206,15/05/2019,1,207,275,146,0.311,0.459,0.192,0.101,-97.383,HR312,Passed,Mashpee Wampanoag Tribe Reservation Reaffirmation Act,On Passage,
116,House,207,15/05/2019,1,208,323,96,0.502,0.818,0.174,0.032,-142.676,HR375,Passed,"To amend the Act of June 18, 1934, to reaffirm the authority of the Secretary of the Interior to take land into trust for Indian Tribes, and for other purposes",On Motion to Suspend the Rules and Pass,
116,House,208,15/05/2019,1,209,415,0,0,0,0,0,0,HR1892,Passed,Quadrennial Homeland Security Review Technical Corrections Act,On Motion to Suspend the Rules and Pass,
116,House,209,16/05/2019,1,210,188,227,-0.037,0.536,-0.482,-0.588,-10.13,HR987,Failed,,On Agreeing to the Amendment,
116,House,210,16/05/2019,1,211,239,174,0.141,0.31,0.551,1.118,-21.694,HR987,Agreed to,,On Agreeing to the Amendment,
116,House,211,16/05/2019,1,212,229,185,0.085,0.253,0.694,0.441,-2.243,HR987,Agreed to,,On Agreeing to the Amendment,
116,House,212,16/05/2019,1,213,188,228,0.052,0.07,-0.713,0.176,-0.289,HR987,Failed,MORE Health Education Act,On Motion to Recommit with Instructions,
116,House,213,16/05/2019,1,214,234,183,0.16,0.135,0.6,0.932,-7.449,HR987,Passed,MORE Health Education Act,On Passage,
116,House,214,17/05/2019,1,215,215,191,-0.391,0.616,0.107,0.353,-187.703,,Passed,,On Approving the Journal,
116,House,215,17/05/2019,1,216,181,228,-0.089,0.996,-0.423,-0.323,-11.419,HR5,Failed,Equality Act,On Motion to Recommit with Instructions,
116,House,216,17/05/2019,1,217,236,173,0.197,0.619,0.929,0.303,-17.324,HR5,Passed,Equality Act,On Passage,
116,House,217,20/05/2019,1,218,397,0,0,0,0,0,0,HR1952,Passed,Intercountry Adoption Information Act,"On Motion to Suspend the Rules and Pass, as Amended",
116,House,218,20/05/2019,1,219,393,0,0,0,0,0,0,HRES106,Passed,Denouncing female genital mutilation/cutting as a violation of the human rights of women and girls and urging the international community and the Federal Government to increase efforts to eliminate the harmful practice,On Motion to Suspend the Rules and Agree,
116,House,219,21/05/2019,1,220,227,191,0.053,0.068,0.713,-0.17,-0.293,HRES389,Passed,"Providing for consideration of the bill (H.R. 1500) Consumers First Act, providing for consideration of the bill (H.R. 1994) Setting Every Community Up for Retirement Enhancement Act, and providing for proceedings during the period from May 24, 2019, through May 31, 2019, and for other purposes.",On Ordering the Previous Question,
116,House,220,21/05/2019,1,221,230,190,0.053,0.068,0.713,-0.169,-0.293,HRES389,Passed,"Providing for consideration of the bill (H.R. 1500) Consumers First Act, providing for consideration of the bill (H.R. 1994) Setting Every Community Up for Retirement Enhancement Act, and providing for proceedings during the period from May 24, 2019, through May 31, 2019, and for other purposes.",On Agreeing to the Resolution,
116,House,221,22/05/2019,1,222,188,230,-0.13,0.992,-0.637,-0.711,-8.221,HR1500,Failed,,On Agreeing to the Amendment,
116,House,222,22/05/2019,1,223,189,232,-0.091,0.996,-0.602,-0.689,-7.487,HR1500,Failed,,On Agreeing to the Amendment,
116,House,223,22/05/2019,1,224,190,231,-0.092,0.996,-0.496,-0.479,-7.626,HR1500,Failed,,On Agreeing to the Amendment,
116,House,224,22/05/2019,1,225,412,10,0,0,0,0,0,HR1500,Agreed to,,On Agreeing to the Amendment,
116,House,225,22/05/2019,1,226,231,191,-0.152,0.988,0.523,0.653,-12.116,HR1500,Agreed to,,On Agreeing to the Amendment,
116,House,226,22/05/2019,1,227,191,231,0.052,0.06,-0.712,0.178,-0.287,HR1500,Failed,Consumers First Act,On Motion to Recommit with Instructions,
116,House,227,22/05/2019,1,228,231,191,0.052,0.06,0.712,-0.178,-0.287,HR1500,Passed,Consumers First Act,On Passage,
116,House,228,23/05/2019,1,229,223,194,-0.495,0.79,0.123,0.411,-191.754,,Passed,,On Approving the Journal,
116,House,229,23/05/2019,1,230,200,222,-0.193,0.578,-0.341,-0.613,-34.891,HR1994,Failed,Setting Every Community Up for Retirement Enhancement Act,On Motion to Recommit with Instructions,
116,House,230,23/05/2019,1,231,417,3,0,0,0,0,0,HR1994,Passed,Setting Every Community Up for Retirement Enhancement Act,On Passage,
116,House,231,03/06/2019,1,232,354,58,0.13,-0.992,0.256,-0.738,-77.592,HR2157,Passed,"Making supplemental appropriations for the fiscal year ending September 30, 2019, and for other purposes",On Motion to Suspend the Rules and Concur in the Senate Amendment,
116,House,232,03/06/2019,1,233,357,55,0.539,-0.693,0.698,-0.376,-55.37,HR2940,Passed,"To extend the program of block grants to States for temporary assistance for needy families and related programs through September 30, 2019",On Motion to Suspend the Rules and Pass,
116,House,233,03/06/2019,1,234,206,189,-0.546,0.838,0.141,0.475,-181.958,,Passed,,On Approving the Journal,
116,House,234,04/06/2019,1,235,228,192,0.048,0.02,0.711,-0.214,-0.289,HRES415,Passed,"Providing for consideration of the bill (H.R. 6) to authorize the cancellation of removal and adjustment of status of certain aliens, and for other purposes",On Ordering the Previous Question,
116,House,235,04/06/2019,1,236,219,203,0.05,-0.809,0.34,0.172,-26.319,HRES415,Passed,"Providing for consideration of the bill (H.R. 6) to authorize the cancellation of removal and adjustment of status of certain aliens, and for other purposes",On Agreeing to the Resolution,
116,House,236,04/06/2019,1,237,212,203,-0.486,0.874,0.16,0.426,-173.147,,Passed,,On Approving the Journal,
116,House,237,04/06/2019,1,238,423,0,0,0,0,0,0,HRES393,Passed,"Remembering the victims of the violent suppression of democracy protests in Tiananmen Square and elsewhere in China on June 3 and 4, 1989, and calling on the Government of the People’s Republic of China to respect the universally recognized human rights of all people living in China and around the world","On Motion to Suspend the Rules and Agree, as Amended",
116,House,238,04/06/2019,1,239,202,221,-0.125,0.401,-0.539,-1.145,-21.466,HR6,Failed,American Dream and Promise Act,On Motion to Recommit with Instructions,
116,House,239,04/06/2019,1,240,237,187,0.175,0.222,0.418,0.496,-17.501,HR6,Passed,American Dream and Promise Act,On Passage,
116,House,240,05/06/2019,1,241,395,22,0.177,-0.967,0.322,-1.31,-34.77,HR1921,Passed,Ocean Acidification Innovation Act,"On Motion to Suspend the Rules and Pass, as Amended",
116,House,241,10/06/2019,1,242,395,3,0,0,0,0,0,HR542,Passed,Supporting Research and Development for First Responders Act,On Motion to Suspend the Rules and Pass,
116,House,242,10/06/2019,1,243,384,13,0.197,-0.956,0.227,-1.165,-23.483,HR2539,Passed,Strengthening Local Transportation Security Capabilities Act,On Motion to Suspend the Rules and Pass,
116,House,243,10/06/2019,1,244,394,2,0,0,0,0,0,HR2590,Passed,DHS Overseas Personnel Enhancement Act,"On Motion to Suspend the Rules and Pass, as Amended",
116,House,244,11/06/2019,1,245,227,190,0.051,0.051,0.712,-0.187,-0.278,HRES431,Passed,Providing for consideration of H.R. 2740 and H. Res. 430,On Ordering the Previous Question,
116,House,245,11/06/2019,1,246,227,190,0.051,0.051,0.712,-0.187,-0.278,HRES431,Passed,Providing for consideration of H.R. 2740 and H. Res. 430,On Agreeing to the Resolution,
116,House,246,11/06/2019,1,247,229,191,0.052,0.052,0.712,-0.186,-0.285,HRES430,Passed,Authorizing the Committee on the Judiciary to initiate or intervene in judicial proceedings to enforce certain subpoenas and for other purposes,On Agreeing to the Resolution,
116,House,247,11/06/2019,1,248,419,0,0,0,0,0,0,HR2609,Passed,DHS Acquisition Review Board Act,On Motion to Suspend the Rules and Pass,
116,House,248,12/06/2019,1,249,146,244,0.114,0.993,-0.232,-0.236,-68.707,,Failed,,On Motion to Adjourn,
116,House,249,12/06/2019,1,250,140,254,0.088,0.996,-0.278,-0.417,-75.021,,Failed,,On Motion to Adjourn,
116,House,250,12/06/2019,1,251,336,83,0.455,0.891,0.353,0.202,-88.959,HR2740,Agreed to,,On Agreeing to the Amendment,
116,House,251,12/06/2019,1,252,241,179,0.416,-0.552,0.641,0.94,-24.288,HR2740,Agreed to,,On Agreeing to the Amendment,
116,House,252,12/06/2019,1,253,288,134,0.384,0.923,0.37,0.071,-73.095,HR2740,Agreed to,,On Agreeing to the Amendment,
116,House,253,12/06/2019,1,254,379,42,0.61,-0.793,0.35,-0.106,-66.008,HR2740,Agreed to,,On Agreeing to the Amendment,
116,House,254,12/06/2019,1,255,345,76,0.496,-0.868,0.332,-0.127,-84.979,HR2740,Agreed to,,On Agreeing to the Amendment,
116,House,255,12/06/2019,1,256,367,55,0.497,-0.868,0.297,-0.234,-80.668,HR2740,Agreed to,,On Agreeing to the Amendment,
116,House,256,12/06/2019,1,257,411,11,0.974,0.225,0.485,-1.159,-52.497,HR2740,Agreed to,,On Agreeing to the Amendment,
116,House,257,12/06/2019,1,258,239,181,0.052,0.571,0.549,1.03,-22.035,HR2740,Agreed to,,On Agreeing to the Amendment,
116,House,258,12/06/2019,1,259,311,109,0.484,-0.039,0.24,0.135,-103.991,HR2740,Agreed to,,On Agreeing to the Amendment,
116,House,259,12/06/2019,1,260,315,105,0.468,-0.884,0.258,-0.022,-103.217,HR2740,Agreed to,,On Agreeing to the Amendment,
116,House,260,12/06/2019,1,261,310,109,0.47,0.176,0.308,0.1,-85.515,HR2740,Agreed to,,On Agreeing to the Amendment,
116,House,261,12/06/2019,1,262,411,10,0,0,0,0,0,HR2740,Agreed to,,On Agreeing to the Amendment,
116,House,262,12/06/2019,1,263,408,12,0.86,-0.51,1.392,0.315,-35.298,HR2740,Agreed to,,On Agreeing to the Amendment,
116,House,263,12/06/2019,1,264,230,184,0.053,0.044,0.713,-0.182,-0.265,HRES436,Passed,"Providing for further consideration of the bill (H.R. 2740) Departments of Labor, Health and Human Services, and Education, and Related Agencies Appropriations Act, 2020",On Ordering the Previous Question,
116,House,264,12/06/2019,1,265,232,189,0.051,0.043,0.712,-0.183,-0.285,HRES436,Passed,"Providing for further consideration of the bill (H.R. 2740) Departments of Labor, Health and Human Services, and Education, and Related Agencies Appropriations Act, 2020",On Agreeing to the Resolution,
116,House,265,12/06/2019,1,266,192,228,0.067,-0.998,-0.811,-0.304,-10.966,HR2740,Failed,,On Agreeing to the Amendment,
116,House,266,12/06/2019,1,267,191,229,0.124,-0.872,-0.702,-0.484,-11,HR2740,Failed,,On Agreeing to the Amendment,
116,House,267,12/06/2019,1,268,399,23,0.656,-0.408,0.22,-0.429,-51.492,HR2740,Agreed to,,On Agreeing to the Amendment,
116,House,268,12/06/2019,1,269,354,67,0.476,0.879,0.311,0.219,-90.513,HR2740,Agreed to,,On Agreeing to the Amendment,
116,House,269,12/06/2019,1,270,244,178,0.496,0.868,0.165,-0.273,-163.747,HR2740,Agreed to,,On Agreeing to the Amendment,
116,House,270,12/06/2019,1,271,334,87,0.499,0.377,0.217,0.126,-110.391,HR2740,Agreed to,,On Agreeing to the Amendment,
116,House,271,12/06/2019,1,272,258,164,0.557,-0.831,0.347,0.519,-69.324,HR2740,Agreed to,,On Agreeing to the Amendment,
116,House,272,12/06/2019,1,273,356,66,0.482,0.876,0.242,0.178,-105.517,HR2740,Agreed to,,On Agreeing to the Amendment,
116,House,273,12/06/2019,1,274,339,83,0.412,-0.75,0.2,-0.189,-106.807,HR2740,Agreed to,,On Agreeing to the Amendment,
116,House,274,12/06/2019,1,275,413,9,0,0,0,0,0,HR2740,Agreed to,,On Agreeing to the Amendment,
116,House,275,12/06/2019,1,276,354,68,0.561,0.828,0.376,0.022,-78.806,HR2740,Agreed to,,On Agreeing to the Amendment,
116,House,276,12/06/2019,1,277,406,15,0.865,-0.502,1.53,-1.4,-43.608,HR2740,Agreed to,,On Agreeing to the Amendment,
116,House,277,12/06/2019,1,278,403,19,0.657,-0.754,1.129,-0.837,-38.003,HR2740,Agreed to,,On Agreeing to the Amendment,
116,House,278,13/06/2019,1,279,346,75,0.588,-0.809,0.437,0.096,-80.54,HR2740,Agreed to,,On Agreeing to the Amendment,
116,House,279,13/06/2019,1,280,374,48,0.511,0.86,0.377,0.304,-73.019,HR2740,Agreed to,,On Agreeing to the Amendment,
116,House,280,13/06/2019,1,281,418,4,0,0,0,0,0,HR2740,Agreed to,,On Agreeing to the Amendment,
116,House,281,13/06/2019,1,282,384,38,0.708,0.706,1.226,-0.412,-61.478,HR2740,Agreed to,,On Agreeing to the Amendment,
116,House,282,13/06/2019,1,283,234,188,0.134,0.072,0.673,0.572,-2.495,HR2740,Agreed to,,On Agreeing to the Amendment,
116,House,283,13/06/2019,1,284,186,235,0.137,-0.151,-0.382,0.063,-11.491,HR2740,Failed,,On Agreeing to the Amendment,
116,House,284,13/06/2019,1,285,158,264,0.32,0.135,-0.337,-0.579,-57.169,HR2740,Failed,,On Agreeing to the Amendment,
116,House,285,13/06/2019,1,286,399,23,0.572,-0.82,0.356,-0.403,-39.93,HR2740,Agreed to,,On Agreeing to the Amendment,
116,House,286,13/06/2019,1,287,354,68,0.463,0.886,0.287,0.228,-95.617,HR2740,Agreed to,,On Agreeing to the Amendment,
116,House,287,13/06/2019,1,288,363,59,0.601,0.213,0.257,0.039,-89.878,HR2740,Agreed to,,On Agreeing to the Amendment,
116,House,288,13/06/2019,1,289,150,271,0.332,0.637,-0.395,-0.14,-53.558,HR2740,Failed,,On Agreeing to the Amendment,
116,House,289,13/06/2019,1,290,281,141,0.448,-0.894,0.257,0.113,-96.375,HR2740,Agreed to,,On Agreeing to the Amendment,
116,House,290,13/06/2019,1,291,419,3,0,0,0,0,0,HR2740,Agreed to,,On Agreeing to the Amendment,
116,House,291,13/06/2019,1,292,325,97,0.457,0.889,0.338,0.098,-88.692,HR2740,Agreed to,,On Agreeing to the Amendment,
116,House,292,13/06/2019,1,293,394,27,0.555,-0.832,1.157,-1.556,-52.163,HR2740,Agreed to,,On Agreeing to the Amendment,
116,House,293,13/06/2019,1,294,353,68,0.511,0.86,0.268,0.125,-98.534,HR2740,Agreed to,,On Agreeing to the Amendment,
116,House,294,13/06/2019,1,295,272,148,0.3,0.495,0.371,0.406,-64.482,HR2740,Agreed to,,On Agreeing to the Amendment,
116,House,295,13/06/2019,1,296,264,149,0.575,-0.818,0.544,0.684,-61.495,HR2740,Agreed to,,On Agreeing to the Amendment,
116,House,296,13/06/2019,1,297,355,65,0.615,-0.788,0.314,0.045,-92.54,HR2740,Agreed to,,On Agreeing to the Amendment,
116,House,297,13/06/2019,1,298,304,115,0.424,0.277,0.255,0.224,-97.629,HR2740,Agreed to,,On Agreeing to the Amendment,
116,House,298,13/06/2019,1,299,356,64,0.59,-0.807,0.255,-0.028,-101.437,HR2740,Agreed to,,On Agreeing to the Amendment,
116,House,299,13/06/2019,1,300,282,138,0.423,-0.282,0.243,0.136,-87.52,HR2740,Agreed to,,On Agreeing to the Amendment,
116,House,300,13/06/2019,1,301,373,47,0.569,-0.822,0.229,-0.148,-91.101,HR2740,Agreed to,,On Agreeing to the Amendment,
116,House,301,13/06/2019,1,302,364,55,0.611,-0.791,0.333,-0.011,-81.179,HR2740,Agreed to,,On Agreeing to the Amendment,
116,House,302,13/06/2019,1,303,261,158,0.422,-0.753,0.26,0.178,-79.856,HR2740,Agreed to,,On Agreeing to the Amendment,
116,House,303,13/06/2019,1,304,90,329,0.511,-0.577,0.072,1.03,-141.288,HR2740,Failed,,On Agreeing to the Amendment,
116,House,304,13/06/2019,1,305,385,30,0.565,-0.825,0.297,-0.303,-55.125,HR2740,Agreed to,,On Agreeing to the Amendment,
116,House,305,13/06/2019,1,306,369,49,0.251,-0.968,0.174,-0.449,-86.083,HR2740,Agreed to,,On Agreeing to the Amendment,
116,House,306,13/06/2019,1,307,363,54,0.565,0.625,0.261,0.157,-94.292,HR2740,Agreed to,,On Agreeing to the Amendment,
116,House,307,13/06/2019,1,308,381,36,0.242,-0.97,0.18,-0.567,-67.721,HR2740,Agreed to,,On Agreeing to the Amendment,
116,House,308,13/06/2019,1,309,375,41,0.469,-0.883,0.249,-0.337,-69.481,HR2740,Agreed to,,On Agreeing to the Amendment,
116,House,309,13/06/2019,1,310,388,29,0.644,-0.467,1.203,-1.228,-53.329,HR2740,Agreed to,,On Agreeing to the Amendment,
116,House,310,13/06/2019,1,311,314,103,0.456,0.89,0.342,0.071,-89.967,HR2740,Agreed to,,On Agreeing to the Amendment,
116,House,311,13/06/2019,1,312,309,110,0.514,-0.858,0.319,0.084,-94.11,HR2740,Agreed to,,On Agreeing to the Amendment,
116,House,312,13/06/2019,1,313,234,182,0.185,0.983,0.586,0.133,-17.506,HR2740,Agreed to,,On Agreeing to the Amendment,
116,House,313,13/06/2019,1,314,279,138,0.394,-0.064,0.263,0.054,-79.946,HR2740,Agreed to,,On Agreeing to the Amendment,
116,House,314,13/06/2019,1,315,232,186,0.075,0.997,0.3,0.065,-23.906,HR2740,Agreed to,,On Agreeing to the Amendment,
116,House,315,13/06/2019,1,316,340,77,0.552,0.834,0.343,0.001,-87.269,HR2740,Agreed to,,On Agreeing to the Amendment,
116,House,316,13/06/2019,1,317,362,54,0.605,0.796,0.403,0.015,-71.42,HR2740,Agreed to,,On Agreeing to the Amendment,
116,House,317,13/06/2019,1,318,372,44,0.631,-0.776,0.302,-0.056,-77.866,HR2740,Agreed to,,On Agreeing to the Amendment,
116,House,318,13/06/2019,1,319,343,73,0.537,-0.844,0.381,-0.073,-80.852,HR2740,Agreed to,,On Agreeing to the Amendment,
116,House,319,13/06/2019,1,320,331,86,0.635,-0.773,0.441,0.293,-85.89,HR2740,Agreed to,,On Agreeing to the Amendment,
116,House,320,13/06/2019,1,321,224,192,-0.022,0.071,0.468,0.265,-9.417,HR2740,Agreed to,,On Agreeing to the Amendment,
116,House,321,13/06/2019,1,322,380,32,0.527,-0.85,1.11,-1.468,-57.398,HR2740,Agreed to,,On Agreeing to the Amendment,
116,House,322,18/06/2019,1,323,316,82,0.599,-0.801,0.162,-0.007,-148.357,HR2740,Passed,"Making appropriations for the Departments of Labor, Health and Human Services, and Education, and related agencies for the fiscal year ending September 30, 2020, and for other purposes",On Motion that the Committee Rise,
116,House,323,18/06/2019,1,324,187,222,0.038,-0.537,-0.492,-0.181,-8.46,HR2740,Failed,,On Agreeing to the Amendment,
116,House,324,18/06/2019,1,325,410,6,0,0,0,0,0,HR2740,Agreed to,,On Agreeing to the Amendment,
116,House,325,18/06/2019,1,326,335,79,0.647,-0.763,0.294,0.184,-105.73,HR2740,Agreed to,,On Agreeing to the Amendment,
116,House,326,18/06/2019,1,327,174,240,0.315,-0.09,-0.556,-1.122,-23.641,HR2740,Failed,,On Agreeing to the Amendment,
116,House,327,18/06/2019,1,328,306,109,0.659,-0.752,0.293,0.358,-116.614,HR2740,Agreed to,,On Agreeing to the Amendment,
116,House,328,18/06/2019,1,329,170,244,0.256,0.145,-0.57,-1.038,-22.338,HR2740,Failed,,On Agreeing to the Amendment,
116,House,329,18/06/2019,1,330,265,151,0.231,0.279,0.182,0.418,-98.058,HR2740,Agreed to,,On Agreeing to the Amendment,
116,House,330,18/06/2019,1,331,383,33,-0.398,0.917,-0.182,0.276,-95.682,HR2740,Agreed to,,On Agreeing to the Amendment,
116,House,331,18/06/2019,1,332,228,186,-0.131,0.991,0.557,0.692,-10.829,HR2740,Agreed to,,On Agreeing to the Amendment,
116,House,332,18/06/2019,1,333,371,46,0.612,-0.791,0.551,-0.066,-54.524,HR3253,Passed,"Empowering Beneficiaries, Ensuring Access, and Strengthening Accountability Act","On Motion to Suspend the Rules and Pass, as Amended",
116,House,333,18/06/2019,1,334,131,287,0.341,-0.484,-0.266,0.136,-77.391,HR2740,Failed,,On Agreeing to the Amendment,
116,House,334,18/06/2019,1,335,110,310,0.435,-0.9,-0.371,0.069,-79.25,HR2740,Failed,,On Agreeing to the Amendment,
116,House,335,18/06/2019,1,336,183,237,-0.011,0.913,-0.686,-0.911,-17.343,HR2740,Failed,,On Agreeing to the Amendment,
116,House,336,18/06/2019,1,337,173,247,0.272,0.12,-0.593,-0.969,-24.367,HR2740,Failed,,On Agreeing to the Amendment,
116,House,337,18/06/2019,1,338,123,298,0.413,-0.911,-0.414,0.05,-72.101,HR2740,Failed,,On Agreeing to the Amendment,
116,House,338,18/06/2019,1,339,279,143,0.327,-0.917,0.21,-0.021,-105.767,HR2740,Agreed to,,On Agreeing to the Amendment,
116,House,339,18/06/2019,1,340,134,288,0.32,-0.688,-0.228,0.102,-90.228,HR2740,Failed,,On Agreeing to the Amendment,
116,House,340,18/06/2019,1,341,376,46,0.723,0.259,0.293,-0.47,-70.184,HR2740,Agreed to,,On Agreeing to the Amendment,
116,House,341,18/06/2019,1,342,350,73,0.651,0.326,0.152,-0.026,-152.259,HR2740,Agreed to,,On Agreeing to the Amendment,
116,House,342,18/06/2019,1,343,273,150,0.469,-0.883,0.25,0.173,-101.686,HR2740,Agreed to,,On Agreeing to the Amendment,
116,House,343,18/06/2019,1,344,240,182,0.083,0.413,0.361,0.642,-26.512,HR2740,Agreed to,,On Agreeing to the Amendment,
116,House,344,18/06/2019,1,345,173,250,0.302,-0.075,-0.001,0.685,-225.658,HR2740,Failed,,On Agreeing to the Amendment,
116,House,345,18/06/2019,1,346,322,101,0.53,-0.848,0.236,0.045,-120.7,HR2740,Agreed to,,On Agreeing to the Amendment,
116,House,346,18/06/2019,1,347,384,39,0.262,-0.738,0.087,-0.504,-89.726,HR2740,Agreed to,,On Agreeing to the Amendment,
116,House,347,18/06/2019,1,348,250,173,0.133,0.517,0.45,0.837,-34.787,HR2740,Agreed to,,On Agreeing to the Amendment,
116,House,348,18/06/2019,1,349,233,190,-0.144,0.99,0.341,0.384,-26.562,HR2740,Agreed to,,On Agreeing to the Amendment,
116,House,349,18/06/2019,1,350,202,221,-0.164,0.986,-0.277,-0.173,-52.743,HR2740,Failed,,On Agreeing to the Amendment,
116,House,350,18/06/2019,1,351,191,232,-0.213,0.977,-0.562,-0.897,-19.025,HR2740,Failed,,On Agreeing to the Amendment,
116,House,351,18/06/2019,1,352,419,3,0,0,0,0,0,HR2740,Agreed to,,On Agreeing to the Amendment,
116,House,352,18/06/2019,1,353,136,286,-0.162,-0.31,0.207,0.579,-99.721,HR2740,Failed,,On Agreeing to the Amendment,
116,House,353,18/06/2019,1,354,272,151,0.41,-0.493,0.234,0.149,-86.188,HR2740,Agreed to,,On Agreeing to the Amendment,
116,House,354,18/06/2019,1,355,399,22,0.364,-0.931,0.117,-0.46,-66.474,HR2740,Agreed to,,On Agreeing to the Amendment,
116,House,355,19/06/2019,1,356,232,193,0.046,0.051,0.713,-0.171,-0.29,HRES445,Passed,"Providing for consideration of H.R. 3055, relating to consideration of H.R. 2740, and providing for proceedings during the period from June 28, 2019, through July 8, 2019",On Ordering the Previous Question,
116,House,356,19/06/2019,1,357,231,195,-0.154,-0.988,0.48,-0.436,-13.031,HRES445,Passed,"Providing for consideration of H.R. 3055, relating to consideration of H.R. 2740, and providing for proceedings during the period from June 28, 2019, through July 8, 2019",On Agreeing to the Resolution,
116,House,357,19/06/2019,1,358,146,283,0.422,0.906,-0.35,0.108,-67.089,HR2740,Failed,,On Agreeing to the Amendment,
116,House,358,19/06/2019,1,359,197,232,0.06,0.183,-0.279,-0.521,-30.551,HR2740,Failed,,On Agreeing to the Amendment,
116,House,359,19/06/2019,1,360,229,199,0.269,-0.275,0.256,0.634,-44.314,HR2740,Agreed to,,On Agreeing to the Amendment,
116,House,360,19/06/2019,1,361,377,52,0.538,-0.843,0.309,-0.204,-75.27,HR2740,Agreed to,,On Agreeing to the Amendment,
116,House,361,19/06/2019,1,362,185,244,-0.081,0.997,-0.463,-0.778,-32.341,HR2740,Failed,,On Agreeing to the Amendment,
116,House,362,19/06/2019,1,363,229,200,-0.017,0.273,0.253,0.432,-32.678,HR2740,Agreed to,,On Agreeing to the Amendment,
116,House,363,19/06/2019,1,364,161,265,0.346,-0.121,-0.145,-0.2,-134.103,HR2740,Failed,,On Agreeing to the Amendment,
116,House,364,19/06/2019,1,365,132,297,0.437,-0.899,-0.298,-0.032,-87.723,HR2740,Failed,,On Agreeing to the Amendment,
116,House,365,19/06/2019,1,366,196,231,-0.122,0.993,-0.62,-0.635,-7.806,HR2740,Failed,"Making appropriations for the Departments of Labor, Health and Human Services, and Education, and related agencies for the fiscal year ending September 30, 2020, and for other purposes",On Motion to Recommit,
116,House,366,19/06/2019,1,367,226,203,-0.227,-0.555,0.617,-0.901,-16.448,HR2740,Passed,"Making appropriations for the Departments of Labor, Health and Human Services, and Education, and related agencies for the fiscal year ending September 30, 2020, and for other purposes",On Passage,
116,House,367,20/06/2019,1,368,184,241,-0.269,0.928,-0.11,-0.221,-190.227,HR3055,Failed,,On Agreeing to the Amendment,
116,House,368,20/06/2019,1,369,192,234,0.043,0.999,-0.409,-0.252,-14.914,HR3055,Failed,,On Agreeing to the Amendment,
116,House,369,20/06/2019,1,370,261,165,-0.175,0.931,0.173,0.393,-115.107,HR3055,Agreed to,,On Agreeing to the Amendment,
116,House,370,20/06/2019,1,371,134,291,0.422,0.059,-0.312,-0.062,-76.884,HR3055,Failed,,On Agreeing to the Amendment,
116,House,371,20/06/2019,1,372,84,340,-0.171,0.985,-0.049,-0.355,-173.847,HR3055,Failed,,On Agreeing to the Amendment,
116,House,372,20/06/2019,1,373,376,49,0.648,-0.761,0.263,-0.008,-95.178,HR3055,Agreed to,,On Agreeing to the Amendment,
116,House,373,20/06/2019,1,374,234,192,0.177,0.286,0.722,0.154,-9.204,HR3055,Agreed to,,On Agreeing to the Amendment,
116,House,374,20/06/2019,1,375,113,312,0.439,-0.898,-0.333,0.064,-86.663,HR3055,Failed,,On Agreeing to the Amendment,
116,House,375,20/06/2019,1,376,419,6,0,0,0,0,0,HR3055,Agreed to,,On Agreeing to the Amendment,
116,House,376,20/06/2019,1,377,402,22,0.791,-0.253,0.978,-2.582,-56.873,HR3055,Agreed to,,On Agreeing to the Amendment,
116,House,377,20/06/2019,1,378,247,178,0.383,-0.182,0.251,0.73,-69.518,HR3055,Agreed to,,On Agreeing to the Amendment,
116,House,378,20/06/2019,1,379,243,183,0.325,-0.121,0.275,0.813,-55.676,HR3055,Agreed to,,On Agreeing to the Amendment,
116,House,379,20/06/2019,1,380,235,190,0.011,1,0.193,0.1,-81.272,HR3055,Agreed to,,On Agreeing to the Amendment,
116,House,380,20/06/2019,1,381,190,236,-0.052,0.968,-0.53,-0.719,-16.382,HR3055,Failed,,On Agreeing to the Amendment,
116,House,381,20/06/2019,1,382,239,187,-0.158,0.824,0.269,0.534,-52.927,HR3055,Agreed to,,On Agreeing to the Amendment,
116,House,382,20/06/2019,1,383,176,250,0.288,0.059,-0.5,-1.222,-36.087,HR3055,Failed,,On Agreeing to the Amendment,
116,House,383,20/06/2019,1,384,196,229,0.207,-0.099,-0.489,-1.28,-22.631,HR3055,Failed,,On Agreeing to the Amendment,
116,House,384,20/06/2019,1,385,189,237,0.21,0.018,-0.522,-1.174,-16.406,HR3055,Failed,,On Agreeing to the Amendment,
116,House,385,20/06/2019,1,386,187,239,0.215,0.021,-0.272,-0.51,-36.733,HR3055,Failed,,On Agreeing to the Amendment,
116,House,386,20/06/2019,1,387,191,235,0.343,-0.223,-0.261,-0.787,-57.915,HR3055,Failed,,On Agreeing to the Amendment,
116,House,387,20/06/2019,1,388,128,298,0.494,-0.87,-0.38,-0.125,-80.157,HR3055,Failed,,On Agreeing to the Amendment,
116,House,388,20/06/2019,1,389,132,293,0.448,-0.321,-0.513,-0.116,-62.565,HR3055,Failed,,On Agreeing to the Amendment,
116,House,389,20/06/2019,1,390,155,271,0.386,0.062,-0.488,-0.731,-56.831,HR3055,Failed,,On Agreeing to the Amendment,
116,House,390,20/06/2019,1,391,241,185,0.527,-0.454,0.393,1.227,-61.828,HR3055,Agreed to,,On Agreeing to the Amendment,
116,House,391,20/06/2019,1,392,319,107,0.591,-0.806,0.425,0.266,-87.68,HR3055,Agreed to,,On Agreeing to the Amendment,
116,House,392,20/06/2019,1,393,234,190,0.335,-0.243,0.298,0.84,-45.247,HR3055,Agreed to,,On Agreeing to the Amendment,
116,House,393,20/06/2019,1,394,371,55,0.462,0.887,0.198,0.255,-108.651,HR3055,Agreed to,,On Agreeing to the Amendment,
116,House,394,20/06/2019,1,395,247,177,0.129,0.364,0.493,1.273,-40.202,HR3055,Agreed to,,On Agreeing to the Amendment,
116,House,395,21/06/2019,1,396,371,51,0.617,-0.519,0.223,-0.096,-92.915,HR3055,Agreed to,,On Agreeing to the Amendment,
116,House,396,21/06/2019,1,397,417,5,0,0,0,0,0,HR3055,Agreed to,,On Agreeing to the Amendment,
116,House,397,21/06/2019,1,398,418,3,0,0,0,0,0,HR3055,Agreed to,,On Agreeing to the Amendment,
116,House,398,24/06/2019,1,399,217,195,0.275,-0.36,0.269,0.642,-43.636,HR3055,Agreed to,,On Agreeing to the Amendment,
116,House,399,24/06/2019,1,400,180,232,0.243,-0.001,-0.479,-0.424,-18.881,HR3055,Failed,,On Agreeing to the Amendment,
116,House,400,24/06/2019,1,401,181,232,0.228,0.026,-0.452,-0.421,-17.843,HR3055,Failed,,On Agreeing to the Amendment,
116,House,401,24/06/2019,1,402,145,269,0.431,-0.355,-0.692,-0.365,-46.974,HR3055,Failed,,On Agreeing to the Amendment,
116,House,402,25/06/2019,1,403,228,188,0.048,0.058,0.713,-0.182,-0.29,HRES460,Passed,"Providing for consideration of H.R. 2722, waiving a requirement of clause 6(a) of rule XIII with respect to consideration of certain resolutions reported from the Committee on Rules, and providing for consideration of H.R. 3351",On Ordering the Previous Question,
116,House,403,25/06/2019,1,404,225,190,0.018,1,0.508,-0.095,-9.382,HRES460,Passed,"Providing for consideration of H.R. 2722, waiving a requirement of clause 6(a) of rule XIII with respect to consideration of certain resolutions reported from the Committee on Rules, and providing for consideration of H.R. 3351",On Agreeing to the Resolution,
116,House,404,25/06/2019,1,405,131,283,0.41,0.685,-0.434,0.002,-63.549,HR3055,Failed,,On Agreeing to the Amendment,
116,House,405,25/06/2019,1,406,291,126,0.533,-0.48,0.327,0.335,-87.514,HR3055,Agreed to,,On Agreeing to the Amendment,
116,House,406,25/06/2019,1,407,201,220,0.044,-0.462,-0.7,-0.736,-19.081,HR3055,Failed,"Making appropriations for the Departments of Commerce and Justice, Science, and Related Agencies for the fiscal year ending September 30, 2020, and for other purposes",On Motion to Recommit with Instructions,
116,House,407,25/06/2019,1,408,227,194,-0.009,0.166,0.717,0.082,-2.563,HR3055,Passed,"Making appropriations for the Departments of Commerce and Justice, Science, and Related Agencies for the fiscal year ending September 30, 2020, and for other purposes",On Passage,
116,House,408,25/06/2019,1,409,226,188,0.047,0.058,0.712,-0.186,-0.288,HRES462,Passed,"Providing for consideration of the bill (H.R. 3401) making emergency supplemental appropriations for the fiscal year ending September 30, 2019, and for other purposes",On Ordering the Previous Question,
116,House,409,25/06/2019,1,410,225,189,0.047,0.06,0.712,-0.184,-0.289,HRES462,Passed,"Providing for consideration of the bill (H.R. 3401) making emergency supplemental appropriations for the fiscal year ending September 30, 2019, and for other purposes",On Agreeing to the Resolution,
116,House,410,25/06/2019,1,411,191,224,-0.244,0.97,-0.567,-1.014,-23.448,HR3351,Failed,,On Agreeing to the Amendment,
116,House,411,25/06/2019,1,412,224,198,-0.059,0.998,0.244,0.105,-52.548,HR3351,Agreed to,,On Agreeing to the Amendment,
116,House,412,25/06/2019,1,413,205,218,-0.292,0.956,-0.629,-0.87,-27.36,HR3401,Failed,"Making emergency supplemental appropriations for the fiscal year ending September 30, 2019, and for other purposes",On Motion to Recommit with Instructions,
116,House,413,25/06/2019,1,414,230,195,0.303,0.953,0.725,-0.921,-15.947,HR3401,Passed,"Making emergency supplemental appropriations for the fiscal year ending September 30, 2019, and for other purposes",On Passage,
116,House,414,26/06/2019,1,415,151,269,0.372,0.049,-0.411,-0.083,-54.938,HR3351,Failed,,On Agreeing to the Amendment,
116,House,415,26/06/2019,1,416,223,198,-0.1,0.373,0.669,0.599,-10.186,HR3351,Agreed to,,On Agreeing to the Amendment,
116,House,416,26/06/2019,1,417,140,280,0.419,-0.459,-0.713,-0.102,-51.974,HR3351,Failed,,On Agreeing to the Amendment,
116,House,417,26/06/2019,1,418,400,19,0.098,-0.995,0.116,-0.734,-46.973,HR3351,Agreed to,,On Agreeing to the Amendment,
116,House,418,26/06/2019,1,419,394,27,0.888,0.461,1.119,-1.658,-55.114,HR3351,Agreed to,,On Agreeing to the Amendment,
116,House,419,26/06/2019,1,420,367,51,0.687,0.726,0.331,-0.15,-74.352,HR3351,Agreed to,,On Agreeing to the Amendment,
116,House,420,26/06/2019,1,421,402,17,0.331,-0.944,0.148,-0.608,-44.17,HR3351,Agreed to,,On Agreeing to the Amendment,
116,House,421,26/06/2019,1,422,356,65,0.527,-0.85,0.324,-0.142,-81.208,HR3351,Agreed to,,On Agreeing to the Amendment,
116,House,422,26/06/2019,1,423,226,195,-0.419,0.78,-0.573,-1.207,-51.265,HR3351,Passed,"Making appropriations for financial services and general government for the fiscal year ending September 30, 2020, and for other purposes",On Motion to Recommit with Instructions,
116,House,423,26/06/2019,1,424,224,196,0.189,-0.982,0.633,0.624,-17.303,HR3351,Passed,"Making appropriations for financial services and general government for the fiscal year ending September 30, 2020, and for other purposes",On Passage,
116,House,424,27/06/2019,1,425,226,188,0.047,0.053,0.712,-0.183,-0.29,HRES466,Passed,"Providing for consideration of the Senate amendment to the bill (H.R. 3401) making emergency supplemental appropriations for the fiscal year ending September 30, 2019, and for other purposes",On Consideration of the Resolution,
116,House,425,27/06/2019,1,426,322,85,0.639,-0.416,-0.027,-1.64,-134.147,HRES466,Passed,"Providing for consideration of the Senate amendment to the bill (H.R. 3401) making emergency supplemental appropriations for the fiscal year ending September 30, 2019, and for other purposes",On Agreeing to the Resolution,
116,House,426,27/06/2019,1,427,189,220,-0.23,0.851,-0.592,-1.01,-19.453,HR2722,Failed,SAFE Act,On Motion to Recommit with Instructions,
116,House,427,27/06/2019,1,428,225,184,-0.054,0.999,0.667,0.58,-5.976,HR2722,Passed,SAFE Act,On Passage,
116,House,428,27/06/2019,1,429,305,102,-0.414,-0.043,-0.176,-0.479,-126.541,HR3401,Passed,"Making emergency supplemental appropriations for the fiscal year ending September 30, 2019, and for other purposes",On Motion to Concur in the Senate Amendment,
116,House,429,27/06/2019,1,430,159,149,-0.244,0.389,0.062,0.188,-177.809,,Passed,,On Approving the Journal,
116,House,430,09/07/2019,1,431,410,12,0.756,0.655,0.267,0.111,-50.19,HR2515,Passed,Whistleblower Protection Reform Act,"On Motion to Suspend the Rules and Pass, as Amended",
116,House,431,09/07/2019,1,432,417,2,0,0,0,0,0,HR3050,Passed,Expanding Investment in Small Businesses Act,"On Motion to Suspend the Rules and Pass, as Amended",
116,House,432,09/07/2019,1,433,413,7,0,0,0,0,0,HR2409,Passed,Expanding Access to Capital for Rural Job Creators Act,On Motion to Suspend the Rules and Pass,
116,House,433,10/07/2019,1,434,232,197,0.042,0.006,0.711,-0.226,-0.293,HRES476,Passed,"Providing for consideration of H.R. 2500, the National Defense Authorization Act for Fiscal Year 2020, and providing for consideration of motions to suspend the rules",On Ordering the Previous Question on the Amendment and the Resolution,
116,House,434,10/07/2019,1,435,234,197,0.067,0.144,0.685,0.478,-2.318,HRES476,Agreed to,,On Agreeing to the Amendment,
116,House,435,10/07/2019,1,436,234,197,-0.039,0.999,0.416,0.274,-12.096,HRES476,Passed,"Providing for consideration of H.R. 2500, the National Defense Authorization Act for Fiscal Year 2020, and providing for consideration of motions to suspend the rules",On Agreeing to the Resolution,
116,House,436,10/07/2019,1,437,365,65,0.615,-0.167,0.165,-0.157,-128.712,HR1044,Passed,Fairness for High-Skilled Immigrants Act,"On Motion to Suspend the Rules and Pass, as Amended",
116,House,437,11/07/2019,1,438,234,192,-0.058,0.998,0.615,0.689,-11.747,HR2500,Agreed to,,On Agreeing to the Amendment,
116,House,438,11/07/2019,1,439,240,186,0.152,0.988,0.498,0.22,-23.364,HR2500,Agreed to,,On Agreeing to the Amendment,
116,House,439,11/07/2019,1,440,229,198,0.063,-0.175,0.365,0.218,-10.941,HR2500,Agreed to,,On Agreeing to the Amendment,
116,House,440,11/07/2019,1,441,240,187,0.069,0.435,0.151,0.145,-103.966,HR2500,Agreed to,,On Agreeing to the Amendment,
116,House,441,11/07/2019,1,442,223,204,-0.23,0.776,0.361,0.607,-34.582,HR2500,Agreed to,,On Agreeing to the Amendment,
116,House,442,11/07/2019,1,443,245,181,0.278,-0.113,0.288,0.349,-38.599,HR2500,Agreed to,,On Agreeing to the Amendment,
116,House,443,11/07/2019,1,444,248,178,-0.102,0.995,0.32,0.578,-52.739,HR2500,Agreed to,,On Agreeing to the Amendment,
116,House,444,11/07/2019,1,445,217,209,-0.246,0.521,0.252,0.656,-68.358,HR2500,Agreed to,,On Agreeing to the Amendment,
116,House,445,11/07/2019,1,446,241,185,-0.076,0.997,0.937,1.389,-36.709,HR2500,Agreed to,,On Agreeing to the Amendment,
116,House,446,11/07/2019,1,447,232,194,-0.174,0.972,0.247,0.315,-59.526,HR2500,Agreed to,,On Agreeing to the Amendment,
116,House,447,11/07/2019,1,448,237,186,-0.249,0.969,0.53,1.142,-35.124,HR2500,Agreed to,,On Agreeing to the Amendment,
116,House,448,11/07/2019,1,449,244,179,-0.214,0.977,0.51,1.134,-39.56,HR2500,Agreed to,,On Agreeing to the Amendment,
116,House,449,11/07/2019,1,450,238,184,-0.315,0.949,0.531,1.317,-50.763,HR2500,Agreed to,,On Agreeing to the Amendment,
116,House,450,11/07/2019,1,451,249,173,0.152,0.988,0.101,0.037,-196.209,HR2500,Agreed to,,On Agreeing to the Amendment,
116,House,451,11/07/2019,1,452,239,182,0.087,0.494,0.258,0.266,-35.189,HR2500,Agreed to,,On Agreeing to the Amendment,
116,House,452,11/07/2019,1,453,234,188,-0.087,0.996,0.888,1.087,-17.527,HR2500,Agreed to,,On Agreeing to the Amendment,
116,House,453,11/07/2019,1,454,163,263,-0.316,0.229,0.274,0.468,-90.693,HR2500,Failed,,On Agreeing to the Amendment,
116,House,454,11/07/2019,1,455,197,228,-0.22,0.417,0.219,0.254,-87.424,HR2500,Failed,,On Agreeing to the Amendment,
116,House,455,11/07/2019,1,456,214,213,-0.13,0.322,0.257,0.303,-48.139,HR2500,Agreed to,,On Agreeing to the Amendment,
116,House,456,11/07/2019,1,457,222,204,-0.005,-0.344,0.685,0.605,-18.379,HR2500,Agreed to,,On Agreeing to the Amendment,
116,House,457,11/07/2019,1,458,220,206,-0.091,0.199,0.606,0.927,-20.413,HR2500,Agreed to,,On Agreeing to the Amendment,
116,House,458,12/07/2019,1,459,114,306,-0.585,0.535,0.529,1.172,-85.751,HR2500,Failed,,On Agreeing to the Amendment,
116,House,459,12/07/2019,1,460,186,235,-0.211,0.153,0.226,0.707,-80.129,HR2500,Failed,,On Agreeing to the Amendment,
116,House,460,12/07/2019,1,461,415,6,0,0,0,0,0,HR2500,Agreed to,,On Agreeing to the Amendment,
116,House,461,12/07/2019,1,462,201,220,0.14,-0.99,-0.367,-0.322,-33.227,HR2500,Failed,,On Agreeing to the Amendment,
116,House,462,12/07/2019,1,463,250,170,-0.272,0.962,0.228,0.531,-89.088,HR2500,Agreed to,,On Agreeing to the Amendment,
116,House,463,12/07/2019,1,464,241,180,-0.266,0.964,0.342,0.752,-52.835,HR2500,Agreed to,,On Agreeing to the Amendment,
116,House,464,12/07/2019,1,465,236,183,-0.4,0.917,0.321,0.888,-79.61,HR2500,Agreed to,,On Agreeing to the Amendment,
116,House,465,12/07/2019,1,466,197,223,0.114,-0.994,0.265,0.32,-76.295,HR2500,Failed,,On Agreeing to the Amendment,
116,House,466,12/07/2019,1,467,178,241,0.209,-0.714,0.458,1.326,-73.618,HR2500,Failed,,On Agreeing to the Amendment,
116,House,467,12/07/2019,1,468,172,245,-0.252,0.148,0.225,0.506,-89.171,HR2500,Failed,,On Agreeing to the Amendment,
116,House,468,12/07/2019,1,469,212,204,-0.245,0.97,0.394,0.35,-40.09,HR2500,Agreed to,,On Agreeing to the Amendment,
116,House,469,12/07/2019,1,470,235,182,-0.17,0.985,0.541,0.938,-21.793,HR2500,Agreed to,,On Agreeing to the Amendment,
116,House,470,12/07/2019,1,471,229,189,-0.11,0.994,0.269,0.223,-43.566,HR2500,Agreed to,,On Agreeing to the Amendment,
116,House,471,12/07/2019,1,472,204,212,-0.024,-0.05,-0.561,-1.075,-26.214,HR2500,Failed,National Defense Authorization Act for Fiscal Year 2020,On Motion to Recommit with Instructions,
116,House,472,12/07/2019,1,473,220,197,0.273,0.782,0.53,-1.023,-21.685,HR2500,Passed,National Defense Authorization Act for Fiscal Year 2020,On Passage,
116,House,473,12/07/2019,1,474,402,12,0.147,-0.989,0.205,-1.248,-25.6,HR1327,Passed,"Never Forget the Heroes: James Zadroga, Ray Pfeifer, and Luis Alvarez Permanent Authorization of the September 11th Victim Compensation Fund Act","On Motion to Suspend the Rules and Pass, as Amended",
116,House,474,15/07/2019,1,475,414,1,0,0,0,0,0,HR2744,Passed,USAID Branding Modernization Act,On Motion to Suspend the Rules and Pass,
116,House,475,15/07/2019,1,476,414,1,0,0,0,0,0,HRES432,Passed,Condemning the attacks on peaceful protesters and supporting an immediate peaceful transition to a civilian-led democratic government in Sudan,"On Motion to Suspend the Rules and Agree, as Amended",
116,House,476,15/07/2019,1,477,405,7,0,0,0,0,0,HR2037,Passed,Saudi Arabia Human Rights and Accountability Act,"On Motion to Suspend the Rules and Pass, as Amended",
116,House,477,16/07/2019,1,478,230,189,0.042,0.007,0.711,-0.229,-0.293,HRES491,Passed,"Providing for consideration of H.R. 3494, relating to the consideration of House Report 116-125 and an accompanying resolution, relating to the consideration of measures disapproving of sales, exports, or approvals pursuant to the Arms Export Control Act, and providing for consideration of H. Res. 489",On Ordering the Previous Question,
116,House,478,16/07/2019,1,479,233,190,0.042,0.007,0.71,-0.229,-0.293,HRES491,Passed,"Providing for consideration of H.R. 3494, relating to the consideration of House Report 116-125 and an accompanying resolution, relating to the consideration of measures disapproving of sales, exports, or approvals pursuant to the Arms Export Control Act, and providing for consideration of H. Res. 489",On Agreeing to the Resolution,
116,House,479,16/07/2019,1,480,190,232,0.067,0.117,-0.683,-0.497,-2.262,HRES489,Failed,Condemning President Trump’s racist comments directed at Members of Congress,On Motion to Strike Words from the Record,
116,House,480,16/07/2019,1,481,231,190,0.041,-0.001,0.711,-0.226,-0.291,HRES489,Passed,Condemning President Trump’s racist comments directed at Members of Congress,On Motion to Proceed in Order,
116,House,481,16/07/2019,1,482,240,187,0.118,0.351,0.388,0.345,-14.083,HRES489,Passed,Condemning President Trump’s racist comments directed at Members of Congress,On Agreeing to the Resolution,
116,House,482,17/07/2019,1,483,332,95,-0.094,-0.996,-0.315,-0.613,-104.135,HRES498,Passed,"Impeaching Donald John Trump, President of the United States, of high misdemeanors",On Motion to Table,
116,House,483,17/07/2019,1,484,231,194,0.042,0.007,0.71,-0.239,-0.294,HRES492,Passed,"Providing for consideration of the bill (H.R. 582) to provide for increases in the Federal minimum wage, and for other purposes",On Ordering the Previous Question,
116,House,484,17/07/2019,1,485,231,197,-0.032,0.136,0.71,0.212,-4.364,HRES492,Passed,"Providing for consideration of the bill (H.R. 582) to provide for increases in the Federal minimum wage, and for other purposes",On Agreeing to the Resolution,
116,House,485,17/07/2019,1,486,238,190,-0.136,0.991,0.574,0.888,-18.565,SJRES36,Passed,"Providing for congressional disapproval of the proposed transfer to the Kingdom of Saudi Arabia, the United Kingdom of Great Britain, and Northern Ireland, the Kingdom of Spain, and the Italian Republic of certain defense articles and services",On Passage,
116,House,486,17/07/2019,1,487,238,190,-0.136,0.991,0.574,0.888,-18.565,SJRES37,Passed,"Providing for congressional disapproval of the proposed export to the United Arab Emirates, the United Kingdom of Great Britain and Northern Ireland, and the Republic of France of certain defense articles and services",On Passage,
116,House,487,17/07/2019,1,488,237,190,-0.139,0.99,0.59,0.922,-18.561,SJRES38,Passed,Providing for congressional disapproval of the proposed export to the Kingdom of Saudi Arabia and the United Kingdom of Great Britain and Northern Ireland of certain defense articles and services,On Passage,
116,House,488,17/07/2019,1,489,230,198,-0.045,0.27,0.633,0.807,-10.177,HRES497,Passed,"Recommending that the House of Representatives find William P. Barr, Attorney General of the United States, and Wilbur L. Ross, Jr., Secretary of Commerce, In Contempt of Congress for Refusal to Comply with Subpoenas Duly Issued by the Committee on Oversight and Reform",On Agreeing to the Resolution,
116,House,489,17/07/2019,1,490,176,252,0.007,1,-0.455,-0.686,-40.537,HR3494,Failed,,On Agreeing to the Amendment,
116,House,490,17/07/2019,1,491,234,194,-0.061,0.998,0.515,0.4,-6.874,HR3494,Agreed to,,On Agreeing to the Amendment,
116,House,491,17/07/2019,1,492,397,31,0.549,-0.391,0.36,-2.405,-58.716,HR3494,Passed,"To authorize appropriations for fiscal year 2020 for intelligence and intelligence-related activities of the United States Government, the Community Management Account, and the Central Intelligence Agency Retirement and Disability System, and for other purposes",On Passage,
116,House,492,17/07/2019,1,493,419,6,0,0,0,0,0,HR748,Passed,Middle Class Health Benefits Tax Repeal Act,"On Motion to Suspend the Rules and Pass, as Amended",
116,House,493,18/07/2019,1,494,248,181,0.103,0.995,0.421,0.373,-33.002,HR582,Agreed to,,On Agreeing to the Amendment,
116,House,494,18/07/2019,1,495,210,218,0.168,-0.811,-0.535,-0.777,-30.017,HR582,Failed,Raise the Wage Act,On Motion to Recommit with Instructions,
116,House,495,18/07/2019,1,496,231,199,-0.22,0.976,0.487,0.673,-22.326,HR582,Passed,Raise the Wage Act,On Passage,
116,House,496,23/07/2019,1,497,398,17,-0.515,-0.517,-0.607,-2.407,-38.221,HRES246,Passed,"Opposing efforts to delegitimize the State of Israel and the Global Boycott, Divestment, and Sanctions Movement targeting Israel","On Motion to Suspend the Rules and Agree, as Amended",
116,House,497,23/07/2019,1,498,268,154,0.143,0.99,0.323,0.389,-70.484,HR549,Failed,Venezuela TPS Act,"On Motion to Suspend the Rules and Pass, as Amended",
116,House,498,23/07/2019,1,499,417,1,0,0,0,0,0,HR3304,Passed,"To exempt for an additional 4-year period, from the application of the means-test presumption of abuse under chapter 7, qualifying members of reserve components of the Armed Forces and members of the National Guard who, after September 11, 2001, are called to active duty or to perform a homeland defense activity","On Motion to Suspend the Rules and Pass, as Amended",
116,House,499,24/07/2019,1,500,234,198,0.044,0.032,0.711,-0.219,-0.292,HRES509,Passed,"Providing for consideration of the bill (H.R. 397) Rehabilitation for Multiemployer Pensions Act of 2019; providing for consideration of the bill (H.R. 3239) Humanitarian Standards for Individuals in Customs and Border Protection Custody Act; and providing for proceedings from July 29, 2019 through September 6, 2019",On Ordering the Previous Question,
116,House,500,24/07/2019,1,501,234,195,0.045,0.029,0.711,-0.221,-0.289,HRES509,Passed,"Providing for consideration of the bill (H.R. 397) Rehabilitation for Multiemployer Pensions Act of 2019; providing for consideration of the bill (H.R. 3239) Humanitarian Standards for Individuals in Customs and Border Protection Custody Act; and providing for proceedings from July 29, 2019 through September 6, 2019",On Agreeing to the Resolution,
116,House,501,24/07/2019,1,502,429,3,0,0,0,0,0,HR3375,Passed,Stopping Bad Robocalls Act,"On Motion to Suspend the Rules and Pass, as Amended",
116,House,502,24/07/2019,1,503,186,245,0.088,0.697,-0.448,-0.585,-25.549,HR397,Failed,,On Agreeing to the Amendment,
116,House,503,24/07/2019,1,504,200,232,0.125,-0.38,-0.637,-0.8,-12.066,HR397,Failed,Rehabilitation for Multiemployer Pensions Act,On Motion to Recommit with Instructions,
116,House,504,24/07/2019,1,505,264,169,0.169,0.986,0.302,0.233,-63.002,HR397,Passed,Rehabilitation for Multiemployer Pensions Act,On Passage,
116,House,505,24/07/2019,1,506,239,192,-0.012,-0.505,-0.584,-1.049,-55.402,HR3239,Passed,Humanitarian Standards for Individuals in Customs and Border Protection Custody Act,On Motion to Recommit with Instructions,
116,House,506,24/07/2019,1,507,233,195,0.117,0.427,0.476,-0.091,-5.159,HR3239,Passed,Humanitarian Standards for Individuals in Customs and Border Protection Custody Act,On Passage,
116,House,507,25/07/2019,1,508,234,195,0.044,0.03,0.711,-0.22,-0.291,HRES519,Passed,Providing for consideration of the bill (H.R. 3877) the Bipartisan Budget Act of 2019; providing for consideration of the bill (H.R. 549) the Venezuela TPS Act of 2019; and waiving a requirement of clause 6(a) of Rule XIII with respect to consideration of certain resolutions reported from the Committee on Rules,On Ordering the Previous Question,
116,House,508,25/07/2019,1,509,232,197,0.137,-0.991,0.658,0.315,-6.33,HRES519,Passed,Providing for consideration of the bill (H.R. 3877) the Bipartisan Budget Act of 2019; providing for consideration of the bill (H.R. 549) the Venezuela TPS Act of 2019; and waiving a requirement of clause 6(a) of Rule XIII with respect to consideration of certain resolutions reported from the Committee on Rules,On Agreeing to the Resolution,
116,House,509,25/07/2019,1,510,333,96,0.234,0.972,0.196,0.351,-121.189,HR693,Passed,PAST Act,"On Motion to Suspend the Rules and Pass, as Amended",
116,House,510,25/07/2019,1,511,284,149,0.057,-0.738,0.126,-0.202,-151.01,HR3877,Passed,Bipartisan Budget Act,On Passage,
116,House,511,25/07/2019,1,512,47,384,0.429,-0.569,-0.129,0.433,-96.334,HR3877,Failed,Bipartisan Budget Act,On Agreeing to the Massie of Kentucky Amendment to the Title,
116,House,512,25/07/2019,1,513,215,217,-0.169,0.33,-0.605,-0.917,-24.732,HR549,Failed,Venezuela TPS Act,On Motion to Recommit with Instructions,
116,House,513,25/07/2019,1,514,272,158,0.159,0.987,0.338,0.39,-72.836,HR549,Passed,Venezuela TPS Act,On Passage,
116,House,514,09/09/2019,1,515,384,23,0.205,-0.979,0.24,-0.968,-39.249,HR1420,Passed,Energy Efficient Government Technology Act,"On Motion to Suspend the Rules and Pass, as Amended",
116,House,515,09/09/2019,1,516,295,114,0.5,-0.344,0.275,0.169,-90.954,HR1768,Passed,Diesel Emissions Reduction Act,On Motion to Suspend the Rules and Pass,
116,House,516,10/09/2019,1,517,232,196,-0.041,0.999,0.514,0.366,-6.899,HRES548,Passed,Providing for consideration of the bill (H.R. 205) Protecting and Securing Florida’s Coastline Act; providing for consideration of the bill (H.R. 1146) Arctic Cultural and Coastal Plain Protection Act; and providing for consideration of the bill (H.R. 1941) Coastal and Marine Economies Protection Act,On Ordering the Previous Question,
116,House,517,10/09/2019,1,518,231,196,-0.067,0.998,0.559,0.473,-6.832,HRES548,Passed,Providing for consideration of the bill (H.R. 205) Protecting and Securing Florida’s Coastline Act; providing for consideration of the bill (H.R. 1146) Arctic Cultural and Coastal Plain Protection Act; and providing for consideration of the bill (H.R. 1941) Coastal and Marine Economies Protection Act,On Agreeing to the Resolution,
116,House,518,10/09/2019,1,519,419,5,0,0,0,0,0,HR2852,Passed,Homebuyer Assistance Act,"On Motion to Suspend the Rules and Pass, as Amended",
116,House,519,11/09/2019,1,520,181,247,0.024,0.732,-0.567,-1.072,-32.846,HR205,Failed,,On Agreeing to the Amendment,
116,House,520,11/09/2019,1,521,248,180,0.214,0.093,0.224,0.601,-66.394,HR205,Passed,Protecting and Securing Florida’s Coastline Act of 2019,On Passage,
116,House,521,11/09/2019,1,522,160,268,-0.097,0.995,-0.281,-0.651,-82.395,HR1941,Failed,,On Agreeing to the Amendment,
116,House,522,11/09/2019,1,523,178,249,0.013,0.761,-0.565,-1.137,-39.327,HR1941,Failed,,On Agreeing to the Amendment,
116,House,523,11/09/2019,1,524,194,233,-0.017,0.411,-0.537,-1.117,-15.15,HR1941,Failed,Coastal and Marine Economies Protection Act,On Motion to Recommit with Instructions,
116,House,524,11/09/2019,1,525,238,189,0.258,-0.103,0.285,0.729,-43.944,HR1941,Passed,Coastal and Marine Economies Protection Act,On Passage,
116,House,525,12/09/2019,1,526,192,226,0.3,-0.38,-0.479,-1.1,-21.653,HR1146,Failed,,On Agreeing to the Amendment,
116,House,526,12/09/2019,1,527,183,233,0.178,0.101,-0.403,-0.838,-21.664,HR1146,Failed,,On Agreeing to the Amendment,
116,House,527,12/09/2019,1,528,186,233,0.139,0.14,-0.504,-1.232,-20.02,HR1146,Failed,,On Agreeing to the Amendment,
116,House,528,12/09/2019,1,529,189,229,-0.038,0.705,-0.621,-0.842,-7.238,HR1146,Failed,Arctic Cultural and Coastal Plain Protection Act,On Motion to Recommit with Instructions,
116,House,529,12/09/2019,1,530,225,193,0.098,0.033,0.34,0.725,-24.645,HR1146,Passed,Arctic Cultural and Coastal Plain Protection Act,On Passage,
116,House,530,17/09/2019,1,531,198,219,-0.183,0.735,-0.646,-0.783,-15.379,S1790,Failed,National Defense Authorization Act for Fiscal Year 2020,On Motion to Instruct Conferees,
116,House,531,17/09/2019,1,532,407,4,0,0,0,0,0,S1790,Passed,National Defense Authorization Act for Fiscal Year 2020,On Closing Portions of the Conference,
116,House,532,18/09/2019,1,533,228,195,-0.085,0.996,0.565,0.527,-7.31,HRES558,Passed,Providing for consideration of the bill (H.R. 1423) FAIR Act; waiving a requirement of clause 6(a) of rule XIII with respect to consideration of certain resolutions reported from the Committee on Rules; and providing for consideration of motions to suspend the rules,On Ordering the Previous Question,
116,House,533,18/09/2019,1,534,228,196,0.047,0.055,0.712,-0.201,-0.292,HRES558,Passed,Providing for consideration of the bill (H.R. 1423) FAIR Act; waiving a requirement of clause 6(a) of rule XIII with respect to consideration of certain resolutions reported from the Committee on Rules; and providing for consideration of motions to suspend the rules,On Agreeing to the Resolution,
116,House,534,18/09/2019,1,535,417,1,0,0,0,0,0,HR4285,Passed,Department of Veterans Affairs Expiring Authorities Act,On Motion to Suspend the Rules and Pass,
116,House,535,19/09/2019,1,536,228,197,0.045,0.045,0.713,-0.188,-0.278,HRES564,Passed,"Providing for consideration of H.R. 4378, making continuing appropriations for fiscal year 2020, and for other purposes",On Ordering the Previous Question,
116,House,536,19/09/2019,1,537,227,196,0.044,0.038,0.713,-0.179,-0.275,HRES564,Passed,"Providing for consideration of H.R. 4378, making continuing appropriations for fiscal year 2020, and for other purposes",On Agreeing to the Resolution,
116,House,537,19/09/2019,1,538,301,123,0.321,-0.947,0.208,-0.132,-110.274,HR4378,Passed,"Making continuing appropriations for fiscal year 2020, and for other purposes",On Passage,
116,House,538,20/09/2019,1,539,161,250,0.228,0.974,-0.448,-0.248,-45.95,HR1423,Failed,,On Agreeing to the Amendment,
116,House,539,20/09/2019,1,540,225,186,-0.147,0.778,0.596,0.952,-12.424,HR1423,Passed,Forced Arbitration Injustice Repeal Act,On Passage,
116,House,540,24/09/2019,1,541,394,21,0.176,-0.984,0.141,-0.721,-46.479,HR3190,Passed,BURMA Act,"On Motion to Suspend the Rules and Pass, as Amended",
116,House,541,25/09/2019,1,542,227,191,0.047,0.054,0.712,-0.196,-0.289,HRES577,Passed,"Providing for consideration of H.R. 2203, the Homeland Security Improvement Act; H.R. 3525, the US Border Patrol Medical Screening Standards Act ; and H.Res. 576, expressing the sense of the House with respect to the whistleblower complaint of Aug 12, 2019, made to the Inspector General of the Intelligence Community",On Ordering the Previous Question on the Amendment and the Resolution,
116,House,542,25/09/2019,1,543,228,191,-0.009,0.132,0.718,-0.003,-2.556,HRES577,Passed,"Providing for consideration of H.R. 2203, the Homeland Security Improvement Act; H.R. 3525, the US Border Patrol Medical Screening Standards Act ; and H.Res. 576, expressing the sense of the House with respect to the whistleblower complaint of Aug 12, 2019, made to the Inspector General of the Intelligence Community",On Agreeing to the Resolution,
116,House,543,25/09/2019,1,544,321,103,0.195,0.981,0.158,0.289,-132.434,HR1595,Passed,SAFE Banking Act,"On Motion to Suspend the Rules and Pass, as Amended",
116,House,544,25/09/2019,1,545,207,216,-0.121,0.25,-0.536,-1.133,-18.481,HR2203,Failed,Homeland Security Improvement Act,On Motion to Recommit with Instructions,
116,House,545,25/09/2019,1,546,230,194,0.035,-0.035,0.688,0.476,-3.182,HR2203,Passed,Homeland Security Improvement Act,On Passage,
116,House,546,25/09/2019,1,547,232,193,0.04,0.327,0.668,0.613,-2.183,HRES590,Passed,Raising a question of the privileges of the House,On Motion to Table,
116,House,547,25/09/2019,1,548,421,0,0,0,0,0,0,HRES576,Passed,"Expressing the sense of the House of Representatives with respect to the whistleblower complaint of August 12, 2019, made to the Inspector General of the Intelligence Community",On Agreeing to the Resolution,
116,House,548,26/09/2019,1,549,230,187,0.047,0.291,0.67,0.596,-2.173,HRES591,Passed,"Providing for consideration of S.J. Res. 54, relating to a national emergency declared by the President on February 15, 2019",On Ordering the Previous Question,
116,House,549,26/09/2019,1,550,229,186,0.047,0.291,0.67,0.596,-2.173,HRES591,Passed,"Providing for consideration of S.J. Res. 54, relating to a national emergency declared by the President on February 15, 2019",On Agreeing to the Resolution,
116,House,550,26/09/2019,1,551,202,213,-0.218,0.565,-0.617,-0.871,-21.527,HR3525,Failed,U.S. Border Patrol Medical Screening Standards Act,On Motion to Recommit with Instructions,
116,House,551,26/09/2019,1,552,230,184,0.048,0.213,0.568,1.052,-8.21,HR3525,Passed,U.S. Border Patrol Medical Screening Standards Act,On Passage,
116,House,552,27/09/2019,1,553,236,174,-0.007,0.627,0.542,1.16,-26.622,SJRES54,Passed,"Relating to a national emergency declared by the President on February 15, 2019",On Passage,
116,House,553,27/09/2019,1,554,403,1,0,0,0,0,0,HR3722,Passed,Joint Task Force to Combat Opioid Trafficking Act,On Motion to Suspend the Rules and Pass,
116,House,554,27/09/2019,1,555,222,184,0.05,0.276,0.671,0.59,-2.167,HRES603,Passed,Raising a question of the privileges of the House,On Motion to Table,
